Country,1960,1961,1962,1963,1964,1965,1966,1967,1968,1969,1970,1971,1972,1973,1974,1975,1976,1977,1978,1979,1980,1981,1982,1983,1984,1985,1986,1987,1988,1989,1990
Aruba,54211,55438,56225,56695,57032,57360,57715,58055,58386,58726,59063,59440,59840,60243,60528,60657,60586,60366,60103,59980,60096,60567,61345,62201,62836,63026,62644,61833,61079,61032,62149
Afghanistan,8996973,9169410,9351441,9543205,9744781,9956320,10174836,10399926,10637063,10893776,11173642,11475445,11791215,12108963,12412950,12689160,12943093,13171306,13341198,13411056,13356511,13171673,12882528,12537730,12204292,11938208,11736179,11604534,11618005,11868877,12412308
Angola,5454933,5531472,5608539,5679458,5735044,5770570,5781214,5774243,5771652,5803254,5890365,6040777,6248552,6496962,6761380,7024000,7279509,7533735,7790707,8058067,8341289,8640446,8952950,9278096,9614754,9961997,10320111,10689250,11068050,11454777,11848386
Albania,1608800,1659800,1711319,1762621,1814135,1864791,1914573,1965598,2022272,2081695,2135479,2187853,2243126,2296752,2350124,2404831,2458526,2513546,2566266,2617832,2671997,2726056,2784278,2843960,2904429,2964762,3022635,3083605,3142336,3227943,3286542
Andorra,13411,14375,15370,16412,17469,18549,19647,20758,21890,23058,24276,25559,26892,28232,29520,30705,31777,32771,33737,34818,36067,37500,39114,40867,42706,44600,46517,48455,50434,52448,54509
Arab World,92197753,94724510,97334442,100034179,102832760,105736431,108758610,111899364,115136178,118437195,121785650,125164745,128598734,132161298,135952252,140040649,144453278,149161891,154111175,159218552,164420785,169698994,175061792,180505996,186035305,191650331,197338142,203084971,208889682,214753970,222653373
United Arab Emirates,92418,100796,112118,125130,138039,149857,159976,169771,182627,203106,234514,277471,330974,394624,467451,548301,637922,735344,835508,931749,1019509,1096610,1164806,1228459,1293971,1366164,1446380,1533536,1627066,1725681,1828432
Argentina,20481779,20817266,21153052,21488912,21824425,22159650,22494035,22828869,23168267,23517611,23880561,24259561,24653175,25056478,25462302,25865776,26264681,26661398,27061047,27471036,27896528,28338515,28794548,29262047,29737093,30216279,30698964,31184415,31668949,32148134,32618651
Armenia,1874121,1941492,2009526,2077578,2145001,2211319,2276034,2339127,2401143,2462928,2525068,2587708,2650486,2712786,2773748,2832759,2889579,2944383,2997417,3049109,3099754,3148096,3193689,3238595,3285599,3335940,3392264,3451947,3504659,3536474,3538171
American Samoa,20123,20602,21253,22034,22854,23672,24462,25248,25989,26703,27363,27984,28567,29100,29596,30052,30456,30838,31269,31845,32646,33701,34968,36412,37946,39519,41119,42740,44343,45894,47347
Antigua and Barbuda,54131,55001,55841,56702,57641,58698,59915,61241,62521,63550,64177,64357,64133,63650,63120,62675,62367,62159,62036,61952,61865,61800,61779,61787,61786,61786,61754,61717,61771,62008,62528
Australia,10276477,10483000,10742000,10950000,11167000,11388000,11651000,11799000,12009000,12263000,12507000,12937000,13177000,13380000,13723000,13893000,14033000,14192000,14358000,14514000,14692000,14927000,15178000,15369000,15544000,15758000,16018400,16263900,16532200,16814400,17065100
Austria,7047539,7086299,7129864,7175811,7223801,7270889,7322066,7376998,7415403,7441055,7467086,7500482,7544201,7586115,7599038,7578903,7565525,7568430,7562305,7549425,7549433,7568710,7574140,7561910,7561434,7564985,7569794,7574586,7585317,7619567,7677850
Azerbaijan,3895397,4030322,4171426,4315127,4456687,4592609,4721523,4843868,4960232,5071927,5180023,5284531,5385263,5483082,5579072,5674133,5768721,5863132,5957925,6053640,6150733,6249314,6349553,6452069,6557581,6666447,6778624,6893489,7010027,7126881,7159000
Burundi,2797932,2852438,2907321,2964427,3026290,3094379,3170490,3253218,3336927,3413904,3479074,3529997,3569666,3605126,3646431,3700880,3770871,3854445,3949266,4051234,4157298,4266520,4379724,4497533,4621103,4750837,4886743,5027138,5168698,5307069,5438957
Belgium,9153489,9183948,9220578,9289770,9378113,9463667,9527807,9580991,9618756,9646032,9655549,9673162,9711115,9741720,9772419,9800700,9818227,9830358,9839534,9848382,9859242,9858982,9856303,9855520,9855372,9858308,9861823,9870234,9901664,9937697,9967379
Benin,2431622,2465867,2502896,2542859,2585965,2632356,2682159,2735307,2791590,2850661,2912340,2976572,3043567,3113675,3187412,3265165,3347173,3433439,3523938,3618526,3717165,3820128,3927714,4039949,4156819,4278501,4404506,4535263,4672852,4820016,4978496
Burkina Faso,4829288,4894580,4960326,5027821,5098890,5174870,5256363,5343019,5434041,5528174,5624600,5723381,5825173,5930483,6040041,6154545,6274037,6398935,6530819,6671656,6822843,6985160,7158255,7340905,7531242,7727907,7930694,8140073,8356305,8579823,8811034
Bangladesh,48013504,49362843,50752157,52202007,53741716,55385112,57157654,59034249,60918454,62679765,64232482,65531633,66625705,67637530,68742233,70066301,71652381,73463584,75450032,77529045,79639491,81767515,83932127,86142495,88416521,90764183,93187603,95671163,98186350,100695497,103171956
Bulgaria,7867374,7943118,8012946,8078145,8144340,8204168,8258057,8310226,8369603,8434172,8489574,8536395,8576200,8620967,8678745,8720742,8758599,8804183,8814032,8825940,8861535,8891117,8917457,8939738,8960679,8960547,8958171,8971359,8981446,8876972,8718289
Bahrain,162427,167894,173144,178140,182887,187431,191780,196063,200653,206043,212605,220312,229155,239527,251911,266543,283752,303175,323473,342799,359888,374120,385950,396454,407225,419428,433480,448971,465198,481087,495931
"Bahamas, The",109534,115121,121091,127339,133709,140059,146382,152620,158648,164268,169377,173889,177866,181517,185120,188896,192909,197101,201478,205984,210591,215326,220184,225084,229923,234578,239017,243271,247451,251733,256223
Bosnia and Herzegovina,3225668,3288603,3353226,3417574,3478997,3535643,3586636,3632672,3675454,3717468,3760529,3805287,3851153,3897256,3942225,3985105,4025266,4063193,4100349,4138819,4179855,4222471,4265185,4307905,4350577,4392131,4435917,4479519,4509461,4507824,4463423
Belarus,8198000,8271216,8351928,8437232,8524224,8610000,8696496,8785648,8874552,8960304,9040000,9115576,9188968,9257272,9317584,9367000,9411000,9463000,9525000,9584000,9643000,9710000,9776000,9843000,9910000,9975000,10043000,10111000,10140000,10170000,10189000
Belize,92064,94703,97384,100164,103069,106119,109347,112692,116061,119261,122182,124793,127150,129294,131307,133260,135147,136989,138965,141305,144155,147566,151500,155822,160347,164921,169568,174320,179028,183469,187552
Bermuda,44400,45500,46600,47700,48900,50100,51000,52000,53000,54000,55000,54600,54200,53800,53400,53000,53200,53400,53600,53800,54670,55050,55449,55930,56423,56898,57382,57849,58347,58841,59326
Bolivia,3656955,3728964,3802990,3879192,3957757,4038872,4122517,4208676,4297517,4389246,4484004,4581740,4682390,4785923,4892293,5001419,5113456,5228252,5344939,5462419,5579935,5697096,5814345,5932810,6054123,6179460,6309130,6442831,6580312,6721115,6864842
Brazil,72179226,74311343,76514328,78772657,81064571,83373530,85696505,88035814,90387079,92746614,95113265,97482920,99859383,102259497,104706198,107216205,109790938,112425392,115121153,117878411,120694009,123570327,126498314,129448819,132383568,135274080,138108912,140891602,143627503,146328304,149003223
Barbados,230980,231718,232633,233630,234586,235413,236088,236659,237241,237955,238896,240094,241515,243069,244644,246154,247583,248937,250203,251351,252394,253298,254082,254788,255497,256263,257107,258019,258977,259957,260936
Brunei Darussalam,81702,85562,89481,93540,97812,102386,107274,112448,117898,123600,129529,135671,142022,148512,155072,161626,168181,174714,181205,187604,193879,200021,206065,212076,218175,224449,230915,237563,244404,251458,258721
Bhutan,223288,228851,234554,240523,246964,253994,261668,269947,278734,287891,297316,306955,316828,326982,337485,348396,359725,371428,383326,395195,406875,418111,428934,439822,451476,464266,478692,494312,509540,522179,530804
Botswana,502745,512685,523778,535685,547873,559994,571964,584092,596947,611300,627715,646347,667092,689912,714712,741355,769979,800529,832467,865075,897868,930408,962875,996130,1031439,1069582,1110943,1154906,1200067,1244484,1286756
Central African Republic,1501668,1526066,1551910,1579370,1608616,1639706,1673019,1708302,1744194,1778861,1811144,1840518,1867782,1894853,1924388,1958367,1997014,2039919,2087663,2140777,2199356,2264442,2335333,2408317,2478382,2542169,2597761,2646840,2693973,2745734,2806734
Canada,17909009,18271000,18614000,18964000,19325000,19678000,20048000,20412000,20744000,21028000,21324000,21962032,22218463,22491777,22807969,23143275,23449808,23725843,23963203,24201544,24515667,24819915,25116942,25366451,25607053,25842116,26100278,26446601,26791747,27276781,27691138
Central Europe and the Baltics,91401764,92232738,93009498,93840016,94715795,95440988,96146336,97043270,97884022,98606630,99134548,99635258,100357161,101112680,101939916,102860571,103776068,104616884,105329397,105948616,106576687,107191491,107770028,108326149,108853466,109360713,109846594,110296425,110686740,110801640,110743128
Switzerland,5327827,5434294,5573815,5694247,5789228,5856472,5918002,5991785,6067714,6136387,6180877,6213399,6260956,6307347,6341405,6338632,6302504,6281174,6281738,6294365,6319408,6354074,6391309,6418773,6441865,6470365,6504124,6545106,6593386,6646912,6715519
Channel Islands,109420,110399,111457,112595,113773,114995,116227,117474,118726,119972,121197,122413,123614,124725,125682,126415,126902,127183,127390,127692,128212,128982,129979,131149,132446,133808,135249,136762,138245,139573,140671
Chile,8132990,8303811,8476897,8650387,8821858,8989621,9152844,9312095,9468845,9625312,9783134,9942727,10103674,10265829,10428798,10592307,10756878,10922779,11089165,11254877,11419348,11582014,11743911,11907960,12078135,12257236,12445823,12642924,12847708,13058758,13274623
China,667070000,660330000,665770000,682335000,698355000,715185000,735400000,754550000,774510000,796025000,818315000,841105000,862030000,881940000,900350000,916395000,930685000,943455000,956165000,969005000,981235000,993885000,1008630000,1023310000,1036825000,1051040000,1066790000,1084035000,1101630000,1118650000,1135185000
Cote d'Ivoire,3503553,3631553,3770766,3918628,4071411,4226844,4383728,4544164,4713135,4897472,5102064,5328744,5576038,5841506,6121285,6412403,6713950,7026496,7350270,7685918,8033650,8393691,8764989,9144931,9530107,9918196,10307281,10698194,11094748,11502449,11924877
Cameroon,5176918,5285017,5398729,5518104,5643036,5773543,5909882,6052420,6201413,6357092,6519762,6689662,6867178,7052849,7247287,7451054,7664406,7887560,8121084,8365567,8621406,8888535,9166816,9456494,9757841,10070806,10395480,10731064,11075422,11425800,11780088
"Congo, Dem. Rep.",15248251,15637699,16041190,16461830,16903831,17369883,17862049,18378625,18913878,19459816,20011036,20564067,21121363,21690443,22282136,22903581,23560464,24249130,24956385,25663592,26358908,27040322,27717291,28403851,29119673,29881229,30683869,31528708,32443781,33464765,34612023
"Congo, Rep.",1018253,1043116,1069238,1096638,1125352,1155392,1186785,1219541,1253760,1289522,1326885,1365899,1406522,1448637,1492055,1536654,1582358,1629209,1677332,1726866,1777934,1830632,1884875,1940443,1996995,2054312,2112361,2171321,2231465,2293166,2356737
Colombia,16057724,16567811,17092918,17629979,18175185,18725245,19279740,19837510,20393699,20942456,21480065,22003980,22516425,23024517,23538386,24065507,24608113,25164545,25733673,26312994,26900506,27496617,28101819,28714190,29331238,29951201,30572478,31195413,31822525,32457499,33102575
Comoros,191121,194139,197198,200372,203753,207424,211478,215897,220575,225325,230054,234644,239235,244208,250104,257290,265953,275900,286634,297447,307829,317606,326946,336096,345466,355337,365760,376654,387963,399632,411594
Cabo Verde,201765,205327,210142,216096,222948,230418,238655,247527,256176,263453,268627,271309,271843,271068,270230,270247,271342,273335,276174,279730,283847,288677,294254,300230,306136,311678,316616,321135,325746,331179,337950
Costa Rica,1330782,1381183,1433335,1486553,1539941,1592841,1645083,1696732,1747694,1797893,1847394,1896077,1944169,1992514,2042241,2094188,2148677,2205615,2264946,2326464,2389977,2455588,2523354,2593020,2664223,2736712,2810242,2884851,2960929,3039013,3119433
Caribbean small states,4194710,4274060,4353628,4432217,4508198,4580374,4648367,4712526,4773902,4833842,4893454,4953087,5012612,5071954,5130833,5189153,5246563,5303307,5360561,5419884,5482206,5548512,5617885,5687092,5751543,5808179,5855443,5894827,5930179,5967018,6009251
Cuba,7141250,7291200,7453540,7623294,7793262,7958169,8115487,8266380,8413552,8561384,8712541,8868083,9025345,9178804,9320945,9446442,9554188,9646142,9724044,9790851,9849459,9898889,9940317,9981304,10031649,10097911,10183899,10286643,10397511,10503972,10596987
Curacao,124826,126125,128414,130860,133148,135266,136682,138140,140298,142581,144739,147389,147710,146912,148351,149129,149399,149459,148341,147851,148041,148629,150101,151159,151940,152711,152662,151456,149254,146937,145400
Cayman Islands,7865,8026,8146,8227,8298,8369,8441,8522,8631,8827,9144,9580,10133,10782,11491,12244,13025,13853,14683,15480,16212,16860,17439,18011,18670,19467,20430,21544,22761,24039,25312
Cyprus,572930,576395,577691,577913,578625,580966,585309,591308,598495,606116,613618,620859,627998,635107,642332,649751,657527,665525,673247,680005,685405,689173,691702,694077,697714,703685,712340,723376,736474,751047,766615
Czech Republic,9602006,9586651,9624660,9670685,9727804,9779358,9821040,9852899,9876346,9896580,9858071,9826815,9867632,9922266,9988459,10058620,10125939,10186755,10242098,10292341,10304193,10300591,10314826,10323856,10330213,10337118,10342227,10347318,10355276,10361068,10333355
Germany,72814900,73377632,74025784,74714353,75318337,75963695,76600311,76951336,77294314,77909682,78169289,78312842,78688452,78936666,78967433,78673554,78336950,78159814,78091820,78126350,78288576,78407907,78333366,78128282,77858685,77684873,77720436,77839920,78144619,78751283,79433029
Djibouti,83636,88498,94204,100628,107583,114963,122866,131397,140462,149887,159659,169372,179224,190568,205181,224183,248556,277479,308008,336085,358960,374937,385271,393802,406017,425613,454361,490330,528999,563864,590398
Dominica,60011,61032,61982,62918,63926,65038,66311,67686,69040,70213,71073,71568,71731,71738,71802,72094,72654,73440,74284,74955,75314,75309,75003,74483,73851,73201,72533,71842,71208,70723,70419
Denmark,4579603,4611687,4647727,4684483,4722072,4759012,4797381,4835354,4864883,4891860,4928757,4963126,4991596,5021861,5045297,5059862,5072596,5088419,5104248,5116801,5123027,5121572,5117810,5114297,5111619,5113691,5120534,5127024,5129516,5132594,5140939
Dominican Republic,3294224,3406280,3521018,3638109,3757132,3877765,3999796,4123092,4247558,4373124,4499720,4627210,4755459,4884461,5014189,5144637,5275770,5407500,5539590,5671797,5803927,5935909,6067770,6199661,6331764,6464229,6596962,6729933,6863441,6997888,7133494
Algeria,11057863,11336339,11619828,11912803,12221675,12550885,12902627,13275026,13663583,14061722,14464985,14872250,15285990,15709825,16149025,16607707,17085801,17582904,18102266,18647815,19221665,19824301,20452902,21101875,21763575,22431502,23102389,23774284,24443467,25106190,25758869
East Asia & Pacific (excluding high income),894880101,894484115,906418827,929639988,952499842,976366448,1003805626,1030347262,1057855221,1087061065,1117169518,1147914103,1176916274,1204963130,1231488459,1255575508,1277794190,1298410796,1318993009,1339882617,1360444852,1381740161,1405396789,1429187408,1451910036,1475348519,1500319170,1526783271,1553557307,1579675516,1605197175
Early-demographic dividend,980085256,1003279186,1027290366,1052059966,1077621038,1103954709,1131050085,1158974343,1187602236,1216984739,1247114277,1277990369,1309615000,1342025603,1375099398,1408837332,1443191766,1478222903,1514191924,1551478689,1590290482,1630688780,1672527054,1715519001,1759236282,1803388664,1847860252,1892643036,1937555154,1982404841,2029207305
East Asia & Pacific,1040958103,1044544622,1059018809,1084796352,1110214377,1136691455,1166600015,1195269923,1224531259,1257454897,1290384064,1324084715,1355934900,1386188710,1416257366,1443359147,1467569010,1490449457,1513227369,1536434993,1559194619,1582789699,1608678553,1634539937,1659131214,1684294889,1710989831,1739071545,1767429690,1795159128,1822193192
Europe & Central Asia (excluding high income),275147578,279443876,283762877,288099625,292424434,296682673,300278116,303940876,307516657,311023409,314539976,318052830,321560922,325046534,328549115,332071182,335746714,339361874,342936802,346489990,350139462,353859116,357399180,360920890,364686101,368464042,372210556,375941782,379557335,382800641,385427601
Europe & Central Asia,667253650,674962981,682921730,690946639,698901133,706626086,713395321,719979928,726307440,732494115,738123474,743747729,749899411,755883707,761661778,767264967,772775173,778073497,783310523,788572897,794002749,799296289,804063632,808620566,813373068,818222369,823200868,828219836,833273189,838162533,842570541
Ecuador,4543666,4674172,4809201,4948986,5093854,5243977,5399422,5560012,5725459,5895367,6069376,6247418,6429379,6614843,6803280,6994334,7187787,7383724,7582353,7784072,7989186,8197652,8409397,8624594,8843462,9066109,9292474,9522360,9755579,9991870,10230934
"Egypt, Arab Rep.",26632894,27366237,28112256,28871383,29644875,30433022,31237600,32056510,32881848,33703139,34513850,35311910,36102659,36896554,37708146,38549142,39422730,40329589,41275736,42267435,43309063,44400113,45539296,46728286,47968642,49258732,50602354,51991700,53399246,54788685,56134475
Euro area,265203934,267621101,270110056,272655378,275163387,277650957,279969040,281974883,283866409,285778637,287338845,288923420,290874595,292728234,294399225,295923527,297251524,298441845,299652820,300886490,302184230,303343135,304174240,304787493,305299134,305877727,306640638,307488390,308516473,309837592,311262588
Eritrea,1007590,1033328,1060486,1088854,1118159,1148189,1178875,1210302,1242635,1276123,1310945,1347176,1384797,1423761,1463983,1505439,1547975,1591620,1636769,1683939,1733416,1784561,1836823,1890558,1946305,2003937,2064794,2127422,2185605,2231141,2258653
Spain,30455000,30739250,31023366,31296651,31609195,31954292,32283194,32682947,33113134,33441054,33814531,34224490,34604469,34988947,35373335,35757900,36137812,36511638,36864898,37191330,37491165,37758631,37986012,38171525,38330364,38469512,38584624,38684815,38766939,38827764,38867322
Estonia,1211537,1225077,1241623,1258857,1277086,1294566,1308597,1318946,1331214,1345249,1360076,1376955,1392518,1405951,1418169,1429352,1439576,1450211,1460188,1468333,1477219,1487666,1498414,1508745,1518617,1528781,1540190,1552221,1561900,1568131,1569174
Ethiopia,22151278,22671191,23221389,23798430,24397022,25013626,25641044,26280132,26944390,27652709,28415077,29248643,30140804,31036662,31861352,32566854,33128149,33577242,33993301,34487799,35141712,35984528,36995248,38142674,39374348,40652141,41965693,43329231,44757203,46272299,47887865
European Union,409306076,412798418,416450473,420166491,423850244,427380782,430687619,433861577,436817143,439658725,441986158,444288192,447081048,449719264,452179363,454542377,456685457,458618982,460468272,462298836,464225439,465947860,467248876,468335580,469368776,470497179,471780193,473103906,474581370,476149867,477725565
Fragile and conflict affected situations,120335436,123102643,125989185,128998464,132146262,135443764,138901311,142517806,146274765,150149071,154125870,158184120,162336872,166632061,171143908,175913811,180973468,186282227,191732730,197176457,202506212,207706419,212817642,217875296,222933368,228049054,233189187,238381626,243809801,249707879,258210292
Finland,4429634,4461005,4491443,4523309,4548543,4563732,4580869,4605744,4626469,4623785,4606307,4612124,4639657,4666081,4690574,4711440,4725664,4738902,4752528,4764690,4779535,4799964,4826933,4855787,4881803,4902206,4918154,4932123,4946481,4964371,4986431
Fiji,393481,407249,421665,436293,450542,463968,476404,487981,498940,509704,520562,531635,542844,554138,565415,576626,587557,598296,609383,621585,635307,651021,668280,685497,700483,711775,718639,721783,722930,724594,728573
France,46621669,47240543,47904877,48582611,49230595,49818028,50330262,50775794,51175508,51561836,51957738,52371342,52793138,53207734,53592233,53931390,54220022,54467702,54691851,54917118,55161527,55430296,55718933,56023770,56337666,56654696,56976123,57302663,57627105,57940212,58235697
Faroe Islands,34615,35076,35524,35969,36406,36847,37278,37705,38124,38570,39009,39458,39925,40387,40850,41299,41722,42134,42538,42936,43337,43725,44108,44488,44891,45330,45818,46349,46830,47166,47274
"Micronesia, Fed. Sts.",44514,45932,47367,48855,50468,52227,54192,56307,58388,60145,61417,62082,62279,62270,62455,63128,64361,66082,68194,70517,72930,75423,78012,80629,83195,85640,87905,89979,91985,94057,96301
Gabon,500928,505799,511287,517580,524895,533361,543112,554059,565766,577646,589314,600613,611704,622920,634742,647536,661402,676255,692077,708788,726328,744696,763930,784061,805115,827108,850048,873867,898469,923711,949488
United Kingdom,52400000,52800000,53250000,53650000,54000000,54348050,54648500,54943600,55211700,55441750,55663250,55896223,56086065,56194527,56229974,56225800,56211968,56193492,56196504,56246951,56314216,56333829,56313641,56332848,56422072,56550268,56681396,56802050,56928327,57076711,57247586
Georgia,3645600,3703600,3760300,3816100,3870300,3921600,3966700,4005800,4042300,4080300,4119900,4163000,4205300,4242500,4279500,4311200,4342400,4372100,4397700,4430200,4467700,4504500,4542800,4582900,4622200,4662900,4704500,4743500,4790700,4803300,4802000
Ghana,6635230,6848295,7071971,7300116,7524472,7739473,7941412,8132803,8321770,8520015,8735495,8973244,9229631,9493556,9749104,9985946,10199165,10395452,10590261,10805314,11056116,11348289,11676823,12033575,12405660,12783613,13164837,13552021,13947042,14353410,14773277
Gibraltar,23420,23813,24313,24889,25479,26073,26633,27173,27685,28166,28606,29006,29358,29650,29886,30067,30180,30234,30232,30169,30065,29902,29691,29482,29283,29154,29094,29115,29159,29187,29147
Guinea,3494162,3552065,3611429,3672556,3735916,3801705,3870203,3941053,4013055,4084600,4154605,4223051,4290534,4357357,4424030,4491248,4559242,4628877,4702376,4782495,4871435,4969592,5077082,5195445,5326362,5470702,5629418,5801326,5982486,6167475,6352283
"Gambia, The",365047,372445,379894,387641,396011,405259,415478,426629,438603,451228,464410,478116,492426,507432,523251,539979,557805,576757,596536,616768,637246,657579,678113,700199,725694,755787,791147,831023,873444,915635,955593
Guinea-Bissau,616136,622761,628883,635011,641812,649790,658994,669237,680432,692407,704939,718364,732523,746173,757674,765989,770421,771737,772142,774726,781677,793806,810405,830207,851276,872163,892522,912754,933045,953790,975261
Equatorial Guinea,255333,258791,262219,266000,270618,276300,283506,291790,299413,304000,303982,298846,289501,277646,265771,255800,247962,242156,239678,241980,249929,264374,284630,308206,331552,352118,369023,382981,394961,406620,419188
Greece,8331725,8398050,8448233,8479625,8510429,8550333,8613651,8684088,8740765,8772764,8792806,8831036,8888628,8929086,8962022,9046541,9188150,9308479,9429959,9548258,9642505,9729350,9789513,9846627,9895801,9934300,9967213,10000595,10036983,10089498,10196792
Grenada,89932,91327,92484,93413,94123,94636,94934,95020,94927,94728,94475,94221,93983,93669,93191,92494,91475,90227,89101,88600,89032,90607,93122,96019,98477,99946,100191,99436,98120,96924,96331
Greenland,32500,33700,35000,36400,37600,39200,40500,41900,43400,44900,46400,47200,48300,49000,49500,49600,49700,49400,49200,49600,50200,51000,51500,52100,52700,53200,53500,54100,54800,55300,55600
Guatemala,4210747,4336143,4464249,4595510,4730540,4869716,5013153,5160609,5311615,5465512,5621792,5780480,5941567,6104530,6268707,6433728,6599214,6765516,6933906,7106145,7283459,7466488,7654819,7847472,8042897,8240060,8438604,8639108,8842575,9050465,9263813
Guam,66742,68072,69604,71286,73051,74830,76607,78404,80217,82040,83877,85726,87587,89464,91377,93352,95385,97477,99630,101844,104133,106485,108906,111402,113961,116572,119232,121919,124673,127522,130482
Guyana,571819,589274,606285,622575,637845,651868,664521,675871,686146,695745,704934,713684,721948,729916,737847,745841,754101,762424,770125,776254,780153,781732,781246,778948,775219,770435,764446,757448,750639,745585,743309
High income,760193906,771546780,781558432,791500756,801349486,810831993,819708674,827927262,835367980,844677617,853011324,862109111,870906832,878815003,887824144,896323112,903502034,910950507,918462256,926341455,934008001,941672267,948924500,955737922,962190813,968672259,975437073,982183208,989071855,996396222,1004169206
"Hong Kong SAR, China",3075605,3168100,3305200,3420900,3504600,3597900,3629900,3722800,3802700,3863900,3959000,4045300,4123600,4241600,4377800,4461600,4518000,4583700,4667500,4929700,5063100,5183400,5264500,5345100,5397900,5456200,5524600,5580500,5627600,5686200,5704500
Honduras,2038632,2096409,2155647,2216704,2280048,2346015,2414803,2486415,2560727,2637513,2716654,2798123,2882113,2968989,3059239,3153253,3251145,3352825,3458095,3566654,3678279,3792919,3910640,4031325,4154860,4281161,4410269,4542214,4677024,4814702,4955303
Heavily indebted poor countries (HIPC),161734357,165573152,169567094,173722855,178048171,182548785,187227582,192084649,197119436,202329943,207714294,213272637,219004370,224905331,230970305,237195002,243590895,250160346,256880793,263721622,270668574,277719103,284905162,292290346,299959473,307980296,316358131,325095184,334249178,343887505,354047260
Croatia,4140181,4167292,4196712,4225675,4252876,4280923,4310701,4338683,4365628,4391490,4412252,4431275,4450564,4470161,4490660,4512082,4535934,4559571,4581085,4594778,4599782,4611509,4634234,4658254,4680285,4701417,4721446,4739745,4755207,4767260,4777368
Haiti,3866159,3941944,4019173,4097755,4177637,4258732,4341318,4425303,4509813,4593669,4676230,4757182,4837332,4918625,5003710,5094577,5191632,5294619,5404019,5520187,5643173,5773366,5910227,6051622,6194687,6337273,6478541,6618744,6758223,6897755,7037917
Hungary,9983967,10029321,10061734,10087947,10119835,10147935,10178653,10216604,10255815,10298723,10337910,10367537,10398489,10432055,10478720,10540525,10598677,10648031,10684822,10704152,10711122,10711848,10705535,10689463,10668095,10648713,10630564,10612741,10596487,10481719,10373988
IBRD only,1916725984,1937366367,1970953262,2016413384,2061940171,2108649439,2158535715,2208041898,2258892461,2311898866,2366349459,2422126843,2476981598,2531557876,2585289079,2637247806,2688099702,2737889788,2788188544,2839472004,2891281645,2944612598,3000786139,3057588035,3113889531,3171073491,3229839106,3290144789,3350637888,3410072473,3468162855
IDA & IBRD total,2299827560,2329751232,2372990360,2428491489,2484475271,2542065200,2603294258,2664582621,2727559890,2792906650,2859823273,2928162561,2995741759,3063329696,3130554486,3196617158,3262238505,3327432779,3393737765,3461566608,3530412139,3601268626,3675483595,3750866217,3826309623,3903212208,3982271082,4063430290,4145325696,4226720042,4307407025
IDA total,383101576,392384865,402037098,412078105,422535100,433415761,444758543,456540723,468667429,481007784,493473814,506035718,518760161,531771820,545265407,559369352,574138803,589542991,605549221,622094604,639130494,656656028,674697456,693278182,712420092,732138717,752431976,773285501,794687808,816647569,839244170
IDA blend,123891139,126858184,129965147,133206225,136575197,140066503,143685944,147439073,151321867,155331570,159468637,163727802,168123679,172701100,177520721,182622716,188026801,193716000,199663470,205822820,212160514,218662193,225330186,232165092,239172894,246352583,253706111,261218240,268847200,276540959,284376771
Indonesia,87751068,90098394,92518377,95015297,97596733,100267062,103025426,105865571,108779924,111758563,114793178,117880144,121017314,124199687,127422211,130680727,133966941,137278058,140621730,144009845,147447836,150938232,154468229,158009246,161523347,164982451,168374287,171702763,174975954,178209150,181413402
IDA only,259210437,265526681,272071951,278871880,285959903,293349258,301072599,309101650,317345562,325676214,334005177,342307916,350636482,359070720,367744686,376746636,386112002,395826991,405885751,416271784,426969980,437993835,449367270,461113090,473247198,485786134,498725865,512067261,525840608,540106610,554867399
Isle of Man,48442,48281,48418,48800,49391,50141,51049,52118,53254,54376,55425,56359,57166,57919,58677,59478,60380,61336,62262,63029,63551,63776,63772,63695,63807,64278,65198,66471,67926,69267,70298
India,450547679,459642165,469077190,478825608,488848135,499123324,509631500,520400576,531513824,543084336,555189792,567868018,581087256,594770134,608802600,623102897,637630087,652408776,667499806,682995354,698952844,715384993,732239504,749428958,766833410,784360008,801975244,819682102,837468930,855334678,873277798
Not classified,,,,,,,,,,,,,,,,,,,,,,,,,,,,,,,
Ireland,2828600,2824400,2836050,2852650,2866550,2877300,2888800,2902450,2915550,2932650,2957250,2992050,3036850,3085950,3137500,3189550,3238050,3282200,3329100,3373750,3412800,3453000,3485800,3510600,3532423,3538082,3539690,3540057,3524949,3511009,3513974
"Iran, Islamic Rep.",21906914,22480372,23071315,23680258,24307860,24954873,25624373,26317783,27032571,27764924,28513866,29281591,30075297,30905707,31786471,32729772,33733961,34803045,35960805,37237137,38650246,40199906,41869236,43636837,45472791,47347186,49260255,51193782,53077313,54822003,56366217
Iraq,7289760,7475350,7674220,7888913,8122197,8375790,8651162,8947404,9260682,9585576,9917983,10255850,10599668,10950888,11312062,11684590,12068676,12462070,12860680,13259113,13653354,14044117,14432468,14815656,15190393,15555800,15909762,16257070,16612322,16994948,17419113
Iceland,175574,179029,182378,185653,188983,192286,195570,198751,201488,203369,204438,206098,209137,212317,215209,217979,220154,221799,223537,225735,228138,230755,233860,236977,239511,241405,243180,245859,249740,252852,254826
Israel,2114020,2185000,2293000,2379000,2475000,2563000,2629000,2745000,2803000,2877000,2974000,3069000,3148000,3278000,3377000,3455000,3533000,3613000,3690000,3786000,3878000,3956000,4031000,4105000,4159000,4233000,4299000,4369000,4442000,4518000,4660000
Italy,50199700,50536350,50879450,51252000,51675350,52112350,52519000,52900500,53235750,53537950,53821850,54073490,54381345,54751406,55110868,55441001,55718260,55955411,56155143,56317749,56433883,56501675,56543548,56564074,56576718,56593071,56596155,56601931,56629288,56671781,56719240
Jamaica,1628520,1651073,1676501,1703651,1730738,1756511,1780518,1803319,1825879,1849662,1875642,1904276,1935100,1966974,1998309,2028016,2055365,2080831,2105907,2132785,2162846,2196921,2234057,2271736,2306366,2335510,2358161,2375393,2389411,2403464,2419906
Jordan,933102,973988,1010658,1050213,1102399,1173606,1267062,1378998,1500163,1617428,1721323,1809182,1883935,1948442,2007735,2065913,2123180,2179363,2237943,2303122,2377995,2464867,2563534,2671413,2784463,2900049,3015299,3131796,3256558,3399330,3565890
Japan,92500572,94943000,95832000,96812000,97826000,98883000,99790000,100725000,101061000,103172000,104345000,105697000,107188000,108079000,110162000,111940000,112771000,113863000,114898000,115870000,116782000,117648000,118449000,119259000,120018000,120754000,121492000,122091000,122613000,123116000,123537000
Kazakhstan,9934563,10349414,10756928,11147859,11511847,11841920,12132559,12385710,12611426,12824606,13036139,13250213,13463985,13673007,13869975,14050226,14212145,14359624,14499952,14643133,14796174,14958908,15128087,15303309,15483419,15665595,15852525,16039251,16206002,16249500,16348000
Kenya,8120080,8377696,8647011,8928511,9222692,9530173,9851444,10187478,10539894,10910675,11301394,11713048,12146068,12600797,13077341,13575907,14096263,14638890,15205374,15797776,16417197,17063876,17736326,18431761,19146400,19877083,20622560,21382112,22153676,22935092,23724579
Kyrgyz Republic,2172300,2255900,2333400,2413700,2495300,2573300,2655300,2736500,2818300,2894800,2959900,3022300,3088200,3153800,3223900,3292400,3358700,3423900,3487100,3552000,3617400,3685800,3759300,3838300,3916400,3990300,4066500,4144600,4218400,4307500,4391200
Cambodia,5722370,5872966,6028431,6183584,6331449,6467197,6585035,6685960,6779787,6880623,6996576,7139647,7302111,7449238,7533336,7524447,7404684,7196042,6957265,6770396,6693764,6749847,6919801,7169997,7447853,7714880,7960949,8198082,8435912,8691334,8975597
Kiribati,41202,42229,43281,44338,45399,46429,47434,48417,49363,50267,51151,51980,52780,53553,54333,55114,55924,56764,57618,58461,59301,60104,60887,61733,62744,63986,65505,67248,69089,70853,72400
St. Kitts and Nevis,51195,51192,50963,50525,49931,49214,48358,47381,46397,45534,44883,44490,44320,44311,44328,44272,44143,43942,43708,43455,43205,42960,42728,42482,42199,41866,41479,41041,40641,40354,40259
"Korea, Rep.",25012374,25765673,26513030,27261747,27984155,28704674,29435571,30130983,30838302,31544266,32240827,32882704,33505406,34103149,34692266,35280725,35848523,36411795,36969185,37534236,38123775,38723248,39326352,39910403,40405956,40805744,41213674,41621690,42031247,42449038,42869283
Kuwait,269029,300576,337348,378746,423898,472037,523166,577164,632899,688979,744450,798642,851916,905635,961770,1021720,1085861,1153583,1224067,1296081,1368677,1439331,1507645,1576968,1652150,1735274,1832310,1938909,2034857,2092777,2095344
Latin America & Caribbean (excluding high income),204214185,209991788,215945959,222052829,228279229,234599288,241005051,247497113,254069201,260716644,267436459,274223248,281076139,288002834,295014919,302121282,309317366,316599746,323978218,331465770,339067716,346786830,354608437,362498351,370410991,378311111,386183203,394027388,401843272,409636367,417409519
Lao PDR,2120898,2170344,2221125,2273351,2327137,2382594,2439196,2496920,2556852,2620434,2688428,2762265,2840841,2919287,2990965,3051577,3098973,3135842,3168843,3207328,3258144,3323366,3401191,3489903,3586316,3687898,3794198,3905530,4020811,4138845,4258472
Lebanon,1804941,1864619,1925297,1985001,2041229,2092375,2136617,2174738,2210772,2250447,2297434,2354047,2417836,2481943,2536778,2575749,2596406,2601740,2597205,2590902,2588929,2594302,2606139,2622072,2638054,2651995,2660872,2667960,2684675,2726440,2803044
Liberia,1118657,1142302,1166648,1191802,1217901,1245102,1273464,1303035,1333978,1366502,1400730,1436738,1474567,1514366,1556290,1600452,1645836,1692140,1740914,1794248,1853001,1918826,1989483,2057227,2111671,2145754,2158429,2153316,2134097,2106431,2075912
Libya,1448417,1498071,1550813,1607171,1667825,1733306,1803683,1878877,1958914,2043818,2133526,2228146,2327490,2430755,2536888,2645139,2754696,2865637,2979093,3096729,3219466,3347781,3480454,3614689,3746715,3873781,3994597,4109725,4220450,4328939,4436661
St. Lucia,89697,90716,91891,93211,94636,96134,97715,99365,101035,102597,104015,105247,106310,107320,108391,109627,111067,112685,114400,116136,117822,119430,120988,122564,124292,126244,128449,130856,133367,135788,138020
Latin America & Caribbean,219907801,225993884,232265533,238696012,245233432,251850859,258538106,265295652,272128513,279037414,286027166,293097388,300238819,307462534,314773956,322176757,329667217,337240049,344913615,352693991,360591861,368601995,376714428,384896426,393106351,401311796,409496610,417659736,425800798,433925886,442040696
Least developed countries: UN classification,240518433,246113640,251900741,257908074,264174179,270720892,277573029,284708409,292045744,299473256,306916896,314344629,321797581,329357353,337142681,345242710,353691338,362475112,371577256,380963304,390612563,400528924,410740611,421279107,432185325,443491288,455193656,467290514,479814021,492803028,506275612
Low income,158779911,162259865,165830670,169529568,173410029,177509185,181839891,186385902,191120090,196001924,201001375,206110337,211335895,216681265,222154521,227761362,233513206,239409309,245430650,251550765,257758125,264051673,270462062,277049449,283893524,291057942,298550548,306374108,314578310,323219957,332330635
Liechtenstein,16493,16893,17289,17719,18168,18649,19152,19691,20235,20766,21266,21728,22151,22563,22983,23438,23931,24448,24975,25459,25879,26238,26536,26789,27036,27288,27559,27837,28129,28449,28789
Sri Lanka,9874476,10111637,10352179,10597511,10849975,11110820,11380670,11657650,11937600,12214956,12485740,12747821,13002231,13252036,13501935,13755146,14012899,14273495,14533690,14788862,15035834,15272831,15501207,15724651,15948487,16176280,16408859,16643952,16878189,17106753,17325773
Lower middle income,928490499,949753699,971742838,994420244,1017725630,1041611332,1066074552,1091126634,1116788548,1143088505,1170050244,1197695284,1226045232,1255126850,1284982577,1315638970,1347077568,1379310126,1412439164,1446597778,1481859807,1518293900,1555686714,1593969308,1632885169,1672196713,1711883766,1751925747,1792245451,1832773126,1875358869
Low & middle income,2271826072,2301530783,2344507821,2399685292,2455350597,2512791707,2573990531,2635220005,2698168546,2763558198,2830664982,2899197937,2966819339,3034402941,3101560890,3167483411,3232891073,3297820434,3363879204,3431452144,3500013974,3570596695,3644529753,3719629711,3794807260,3871482909,3950364261,4031393179,4113221493,4194569000,4277170872
Lesotho,837270,852890,869136,886057,903763,922306,941794,962273,983685,1005909,1028926,1052614,1077095,1102878,1130635,1160792,1193521,1228536,1265202,1302667,1340255,1377799,1415367,1452728,1489691,1526131,1561692,1596394,1630996,1666563,1703747
Late-demographic dividend,1097403781,1099797275,1114451802,1140424871,1165967060,1192235073,1221252541,1249424428,1278385430,1308816321,1339919001,1371557517,1401527248,1430526179,1458108109,1483449266,1507257850,1529518337,1551730186,1574150421,1596184271,1618775545,1643485593,1668173934,1691966485,1716487312,1742456920,1769838060,1797369949,1823976433,1849526605
Lithuania,2778550,2823550,2863350,2898950,2935200,2971450,3008050,3044400,3078850,3107321,3139689,3179041,3213622,3244438,3273894,3301652,3328664,3355036,3379514,3397842,3413202,3432947,3457179,3485192,3514205,3544543,3578914,3616367,3655049,3684255,3697838
Luxembourg,313970,316845,320750,324100,327750,331500,333895,334995,335850,337500,339171,342421,346600,350450,355050,358950,360731,361358,362007,362856,364150,365225,365525,365622,365998,366706,368355,370750,373450,377100,381850
Latvia,2120979,2152681,2181586,2210919,2240623,2265919,2283217,2301220,2323619,2343173,2359164,2376389,2395674,2415819,2437186,2456130,2470989,2485073,2497921,2505953,2511701,2519421,2531080,2546011,2562047,2578873,2599892,2626583,2653434,2666955,2663151
"Macao SAR, China",167791,170462,176183,184245,193561,203228,213192,223418,233000,240839,246194,248738,248767,246947,244285,241628,239075,236678,235171,235440,238071,243373,251158,260931,271918,283503,295591,308180,320773,332783,343808
St. Martin (French part),3893,3989,4076,4183,4308,4468,4685,4920,5193,5459,5712,5944,6156,6368,6607,6881,7246,7718,8190,8557,8771,8678,8369,8294,9061,11061,14559,19275,24378,28722,31520
Morocco,12328532,12710581,13094888,13478423,13857649,14230163,14595350,14954031,15307273,15656843,16004731,16350881,16696891,17048518,17413144,17796164,18198844,18620093,19059770,19516942,19990012,20479715,20984009,21495086,22002643,22499110,22980335,23447252,23903592,24355619,24807462
Monaco,22452,22808,23039,23168,23236,23282,23305,23292,23304,23346,23484,23721,24051,24439,24836,25198,25524,25809,26087,26394,26745,27162,27627,28097,28510,28832,29041,29168,29229,29305,29438
Moldova,2544000,2605000,2664000,2720000,2774000,2825000,2873000,2918000,2960000,3002000,3044000,3087000,3131000,3174000,3215000,3251000,3284000,3312000,3339000,3366000,3396000,3429000,3464000,3500000,3536000,3570000,3602000,3633000,3660000,3681000,3696000
Madagascar,5099373,5223568,5352503,5486319,5625164,5769218,5918595,6073526,6234465,6401921,6576305,6757850,6946620,7142627,7345780,7556026,7773449,7998164,8230218,8469672,8716553,8971345,9234129,9504281,9780872,10063495,10352120,10647754,10952395,11268658,11598633
Maldives,89863,92325,94905,97551,100171,102718,105136,107478,109891,112582,115691,119302,123354,127701,132104,136417,140563,144631,148780,153276,158272,163824,169851,176244,182850,189537,196264,203028,209785,216510,223158
Middle East & North Africa,105203269,108061812,111045434,114101592,117271166,120541214,123908159,127444958,131026912,134704201,138473064,142307879,146213388,150292291,154509812,158917328,163532323,168361100,173447058,178866341,184628605,190731422,197157159,203834190,210648811,217572788,224549844,231570113,238565130,245453259,254215138
Mexico,37771859,38966056,40195319,41462369,42771079,44123853,45519737,46956208,48431972,49945279,51493565,53076373,54689943,56324303,57966804,59607953,61242190,62869903,64494869,66123897,67761372,69407624,71058654,72709299,74352631,75983485,77599098,79200081,80788721,82368931,83943132
Marshall Islands,14662,15051,15547,16114,16710,17284,17842,18388,18961,19622,20395,21313,22341,23439,24531,25576,26552,27470,28406,29416,30576,31893,33328,34889,36557,38333,40211,42173,44083,45820,47271
Middle income,2113046161,2139270918,2178677151,2230155724,2281940568,2335282522,2392150640,2448834103,2507048456,2567556274,2629663607,2693087600,2755483444,2817721676,2879406369,2939722049,2999377867,3058411125,3118448554,3179901379,3242255849,3306545022,3374067691,3442580262,3510913736,3580424967,3651813713,3725019071,3798643183,3871349043,3944840237
North Macedonia,1488667,1507654,1527111,1547450,1569142,1592433,1617795,1644943,1672399,1698144,1720800,1739521,1754956,1768991,1784398,1803010,1825552,1851069,1877688,1902719,1924197,1941530,1955243,1965895,1974415,1981534,1987538,1992274,1995513,1996870,1996228
Mali,5263733,5322266,5381368,5441613,5503752,5568484,5635859,5706199,5780835,5861412,5949045,6044530,6147458,6256187,6368348,6482278,6596728,6712267,6831085,6956402,7090126,7234728,7388668,7545166,7694855,7831889,7952865,8062219,8171522,8296915,8449913
Malta,326550,325250,323900,322550,321250,318800,315200,311550,307900,304300,302650,302700,302450,302200,301996,304222,305774,306970,310182,313342,316645,318982,325898,330524,330593,336452,342121,344485,347325,350722,354170
Myanmar,21736942,22211624,22697667,23198241,23717788,24259359,24823940,25410060,26015248,26635849,27269069,27913750,28570097,29238168,29918461,30611095,31314341,32026742,32748784,33481396,34224313,34976462,35734272,36491800,37241527,37977086,38698482,39404335,40085651,40731426,41335199
Middle East & North Africa (excluding high income),97553162,100147129,102808053,105546273,108376339,111307812,114351833,117503859,120739199,124023257,127335091,130670746,134051043,137511210,141099581,144855682,148781931,152881209,157192233,161761420,166616401,171766031,177185670,182825264,188614696,194494169,200443463,206447530,212456887,218415849,226259037
Montenegro,480579,491140,502558,513409,521753,526327,526419,522796,517481,513340,512407,515449,521785,530220,538902,546487,552562,557576,562065,566888,572608,579445,587001,594506,600884,605398,607711,608144,607413,606571,606372
Mongolia,955505,982178,1011324,1042383,1074514,1107124,1139961,1173191,1207104,1242214,1278825,1317050,1356670,1397304,1438425,1479651,1520865,1562209,1603906,1646291,1689622,1733475,1777727,1823216,1871090,1921881,1976310,2033344,2089715,2141011,2184145
Northern Mariana Islands,9979,10245,10436,10590,10783,11022,11344,11721,12140,12574,12994,13429,13882,14325,14677,14924,15026,15048,15170,15638,16633,18158,20167,22622,25500,28720,32370,36377,40288,43540,45752
Mozambique,7184869,7342111,7507303,7679458,7857104,8039215,8225921,8417702,8614447,8816057,9022741,9232655,9446240,9668657,9906965,10165215,10443953,10738533,11041204,11341402,11630194,11913088,12189824,12439762,12636116,12764387,12808558,12786349,12758008,12805946,12987292
Mauritania,850384,875581,901686,928734,956799,985910,1016100,1047344,1079580,1112745,1146780,1181674,1217446,1254157,1291855,1330598,1370357,1411140,1453032,1496185,1540640,1586493,1633652,1681863,1730738,1780030,1829675,1879763,1930433,1981899,2034346
Mauritius,659351,680757,700349,718861,736381,753000,768813,783917,798413,812405,826000,839230,852053,864819,878042,892000,906507,921379,933499,949888,966039,980462,992521,1001691,1012221,1020528,1028360,1036082,1043239,1051260,1058775
Malawi,3659984,3747753,3839043,3933908,4032371,4134460,4240429,4350452,4464423,4582198,4703782,4829090,4958549,5093363,5235073,5384795,5545651,5717953,5896865,6075495,6250440,6412384,6565985,6737924,6964607,7268267,7666391,8141146,8636690,9075572,9404500
Malaysia,8156347,8417824,8692342,8973788,9253842,9526558,9790084,10046325,10297983,10549399,10804131,11062433,11324277,11592638,11871104,12162187,12468689,12790312,13122839,13460031,13798085,14134058,14471211,14819424,15192298,15598927,16043731,16522000,17022465,17528961,18029824
North America,198624409,202007500,205198600,208253700,211262900,214031100,216659000,219176000,221503000,223759000,226431000,229677632,232168663,234454577,236715369,239169275,241538008,244018243,246601803,249310344,251795337,254340965,256836391,259214381,261488476,263823014,266290660,268793450,271349094,274154622,277373464
Namibia,634142,649279,665115,681637,698796,716584,734867,753688,773422,794588,817469,842354,868958,896266,922903,947921,971121,992956,1014057,1035381,1057727,1080941,1105104,1131632,1162279,1198148,1239928,1286797,1336536,1386010,1432905
New Caledonia,79000,81200,83400,85700,88100,90500,93500,96500,99500,104000,112000,120000,125500,128500,131000,132500,134000,136000,137500,138500,140050,142650,145700,148700,151650,154450,157350,160500,163650,166898,170899
Niger,3388764,3486326,3588228,3693980,3802803,3914117,4027963,4144592,4263927,4385927,4510644,4637988,4768227,4902151,5040798,5184941,5335085,5491153,5652652,5818763,5989004,6163705,6343523,6528641,6719309,6915997,7118883,7328943,7548433,7780245,8026591
Nigeria,45138458,46063563,47029822,48032934,49066760,50127921,51217973,52342233,53506196,54717039,55982144,57296983,58665808,60114625,61677177,63374298,65221378,67203128,69271917,71361131,73423633,75440502,77427546,79414840,81448755,83562785,85766399,88048032,90395271,92788027,95212450
Nicaragua,1773129,1829778,1887425,1946234,2006481,2068381,2131976,2197298,2264623,2334279,2406513,2481341,2558699,2638699,2721415,2806857,2894972,2985489,3077866,3171408,3265519,3360140,3455123,3549711,3642976,3734341,3823130,3909671,3995533,4082958,4173434
Netherlands,11486631,11638712,11805689,11965966,12127120,12294732,12456251,12598201,12729721,12877984,13038526,13194497,13328593,13439322,13545056,13666335,13774037,13856185,13941700,14038270,14149800,14247208,14312690,14367070,14424211,14491632,14572278,14665037,14760094,14848907,14951510
Norway,3581239,3609800,3638918,3666537,3694339,3723168,3753012,3784539,3816486,3847707,3875763,3903039,3933004,3960612,3985258,4007313,4026152,4043205,4058671,4072517,4085620,4099702,4114787,4128432,4140099,4152516,4167354,4186905,4209488,4226901,4241473
Nepal,10105050,10267264,10433145,10604621,10783967,10972912,11172529,11382967,11603928,11834654,12074626,12323982,12583140,12852206,13131260,13420369,13719471,14028536,14347641,14676929,15016402,15367230,15729431,16100617,16477473,16858310,17239673,17623693,18020753,18445028,18905478
Nauru,4375,4632,4944,5275,5592,5856,6067,6223,6337,6441,6552,6678,6803,6928,7058,7175,7286,7399,7503,7616,7741,7875,8018,8171,8328,8501,8683,8865,9062,9278,9505
New Zealand,2371800,2419700,2482000,2531800,2585400,2628400,2675900,2724100,2748100,2772800,2810700,2853000,2903900,2961300,3023700,3083100,3110500,3120200,3121200,3109000,3112900,3124900,3156100,3199300,3227100,3247100,3246300,3274400,3283400,3299200,3329800
OECD members,791309222,803629386,814576858,825495463,836395330,846970817,857049045,866745021,875528057,886061016,895585273,906059367,916286623,925600118,935983893,945871539,954394265,963138632,971910822,980829495,989638618,998349556,1006653522,1014600264,1022196070,1029842555,1037777618,1045652901,1053638658,1062081668,1071033942
Oman,551740,564893,578823,593504,608889,625009,642001,660114,679595,700729,723851,748968,776380,806986,841950,882047,927436,977804,1032799,1091852,1154377,1220585,1290111,1361087,1431070,1498418,1561185,1619863,1678110,1741156,1812161
Other small states,9151857,9315842,9485204,9659445,9840384,10026016,10214279,10406026,10606249,10813743,11029142,11255183,11488089,11725327,11968103,12219436,12475022,12737735,13008031,13294830,13598543,13917162,14253289,14600203,14962381,15347583,15754507,16180181,16610017,17031547,17430779
Pakistan,44988690,46065231,47198878,48387301,49627623,50917975,52260189,53655789,55102684,56598144,58142060,59734481,61381987,63099406,64905998,66816877,68834326,70958169,73197258,75561131,78054343,80680459,83431605,86285935,89213706,92191510,95215378,98285755,101389603,104512881,107647921
Panama,1132997,1167113,1202449,1238889,1276331,1314677,1353842,1393825,1434669,1476481,1519285,1563093,1607796,1653212,1699054,1745138,1791380,1837800,1884424,1931304,1978487,2025971,2073757,2121860,2170325,2219201,2268500,2318264,2368551,2419426,2470947
Peru,10155015,10446620,10749466,11062300,11383373,11711392,12045787,12386879,12735486,13092852,13459794,13836367,14221961,14615845,15017055,15424744,15838572,16258321,16683456,17113388,17547610,17985393,18426415,18870993,19319746,19772872,20230384,20691283,21153459,21614193,22071433
Philippines,26269734,27161047,28077339,29012625,29958688,30909988,31864182,32823968,33795194,34786305,35803594,36849675,37923396,39022767,40144248,41285742,42446653,43629412,44838483,46079850,47357743,48672838,50023563,51408912,52827040,54275822,55755355,57263836,58795001,60340767,61895160
Palau,9771,10049,10317,10569,10799,11003,11179,11326,11464,11618,11811,12053,12340,12628,12831,12904,12837,12646,12403,12229,12179,12279,12516,12843,13195,13528,13831,14123,14402,14709,15058
Papua New Guinea,2255859,2297059,2340352,2385946,2434223,2485437,2539674,2596820,2656633,2718811,2783121,2849532,2918139,2989202,3063049,3139945,3219829,3302633,3388618,3478100,3571205,3668104,3768483,3871492,3975956,4081030,4186499,4292563,4399324,4506991,4615839
Poland,29637450,29964000,30308500,30712000,31139450,31444950,31681000,31987155,32294655,32548300,32664300,32783500,33055650,33357200,33678899,34015199,34356300,34689050,34965600,35247217,35574150,35898587,36230481,36571808,36904134,37201885,37456119,37668045,37824487,37961529,38110782
Pre-demographic dividend,187617091,191889701,196349224,200997724,205835453,210864985,216096098,221539671,227201434,233086769,239204902,245537549,252097524,258953043,266195005,273877851,282049515,290664899,299569965,308551448,317462492,326257657,335003787,343806020,352822108,362177640,371878676,381918512,392393097,403416160,415057375
Puerto Rico,2358000,2399722,2450322,2504530,2554066,2594000,2624995,2645674,2662064,2684150,2718000,2762190,2817256,2878786,2939299,2994000,3043854,3088690,3129421,3168088,3206000,3242552,3277453,3311138,3344190,3377000,3409554,3441850,3473898,3505650,3537000
"Korea, Dem. Peopleâ€™s Rep.",11424176,11665595,11871712,12065468,12282419,12547525,12864954,13222694,13609982,14010339,14410400,14809521,15207771,15593351,15952078,16274740,16554746,16796578,17015983,17235666,17472140,17731230,18008564,18298214,18590138,18877238,19156795,19431986,19708323,19993755,20293054
Portugal,8857716,8929316,8993985,9030355,9035365,8998595,8930990,8874520,8836650,8757705,8680431,8643756,8630430,8633100,8754365,9093470,9355810,9455675,9558250,9661265,9766312,9851362,9911771,9957865,9996232,10023613,10032734,10030031,10019610,10005000,9983218
Paraguay,1903982,1954548,2006670,2060339,2115567,2172306,2230741,2290798,2351925,2413396,2474763,2535873,2597154,2659421,2723812,2791241,2861867,2935712,3013282,3095145,3181625,3272912,3368773,3468535,3571272,3676210,3783074,3891734,4001681,4112386,4223415
West Bank and Gaza,,,,,,,,,,,,,,,,,,,,,,,,,,,,,,,1978248
Pacific island small states,865072,893380,923306,954111,984823,1014638,1043386,1071175,1098154,1124579,1150750,1176591,1202157,1227656,1253377,1279521,1306046,1332894,1360543,1389578,1420310,1453208,1487852,1522652,1555389,1584640,1609574,1630891,1650442,1670947,1694332
Post-demographic dividend,754514355,765311460,774755029,784053801,793187000,802029735,810302158,818025942,824783296,833233832,840763997,849163942,857079394,863981736,871928852,879257621,885141869,891242779,897376841,903768381,909865629,915958644,921480888,926566813,931345425,936158270,941386226,946693323,952208537,958128673,964233474
French Polynesia,78076,80706,83655,86847,90139,93438,96716,99995,103342,106820,110495,114382,118440,122643,126924,131233,135549,139891,144277,148741,153301,157953,162685,167451,172249,177027,181817,186584,191266,195726,199905
Qatar,47384,51421,56262,61716,67566,73633,79846,86302,93211,100883,109514,119414,130500,142186,153621,164320,173721,182318,191951,205171,223632,247988,277226,309306,341272,370890,397740,422148,443605,461690,476278
Romania,18406905,18555250,18676550,18797850,18919126,19031576,19215450,19534242,19799831,20009141,20250398,20461567,20657957,20835681,21029429,21293583,21551634,21756096,21951464,22090488,22242653,22415169,22515389,22588790,22655940,22755427,22859269,22949430,23057662,23161458,23201835
Russian Federation,119897000,121236000,122591000,123960000,125345000,126745000,127468000,128196000,128928000,129664000,130404000,131155000,131909000,132669000,133432000,134200000,135147000,136100000,137060000,138027000,139010000,139941000,140823000,141668000,142745000,143858000,144894000,145908000,146857000,147721000,148292000
Rwanda,2935582,2998325,3052936,3105419,3164263,3235531,3321679,3420895,3529843,3643237,3757358,3871439,3987224,4106407,4231578,4364706,4506109,4655383,4812872,4978817,5153312,5329252,5504842,5690980,5902843,6146891,6443751,6779983,7088191,7276985,7288882
South Asia,572839523,584939726,597494449,610498327,623943332,637823175,652144182,666908582,682102178,697706104,713711349,730107637,746911716,764174958,781966565,800335563,819292545,838819925,858901731,879510848,900620572,922226636,944315187,966836452,989728215,1012942302,1036437892,1060208539,1084281155,1108702403,1133495196
Saudi Arabia,4086539,4218853,4362786,4516533,4677298,4843635,5015357,5195135,5387828,5599904,5836389,6100626,6392970,6711923,7054532,7419493,7802926,8207697,8646845,9137927,9691476,10311775,10988853,11701128,12418834,13118993,13794165,14445671,15070082,15666297,16233785
Sudan,7544491,7769482,8004121,8248812,8503994,8770097,9047798,9337657,9639840,9954410,10281700,10621472,10974622,11343926,11732958,12144135,12578407,13034625,13510421,14002303,14507468,15027248,15562125,16107620,16657959,17210187,17757491,18303435,18867560,19476647,20147590
Senegal,3206749,3295278,3386806,3481654,3580239,3682876,3789383,3899644,4014103,4133322,4257505,4387540,4522893,4660725,4797187,4929846,5057378,5181514,5306681,5439066,5583165,5740444,5909739,6089572,6277424,6471327,6670663,6875754,7086627,7303517,7526307
Singapore,1646400,1702400,1750200,1795000,1841600,1886900,1934400,1977600,2012000,2042500,2074507,2112900,2152400,2193000,2229800,2262600,2293300,2325300,2353600,2383500,2413945,2532835,2646466,2681061,2732221,2735957,2733373,2774789,2846108,2930901,3047132
Solomon Islands,117849,121378,125040,128838,132759,136816,140991,145317,149881,154830,160250,166162,172552,179305,186295,193402,200599,207890,215295,222840,230546,238429,246447,254559,262687,270788,278837,286870,294972,303272,311866
Sierra Leone,2317636,2352363,2388769,2426857,2466667,2508219,2551578,2596805,2644020,2693348,2744891,2798724,2854872,2913344,2974104,3037154,3102592,3170508,3240839,3313504,3388495,3464106,3540170,3619847,3707510,3805311,3916685,4038144,4156634,4254444,4319762
El Salvador,2766324,2846600,2931192,3019224,3109563,3201313,3293952,3387383,3481624,3576838,3673068,3770059,3867309,3964270,4060260,4154692,4247502,4338458,4426675,4511129,4591134,4666364,4737257,4804935,4871035,4936807,5002336,5067537,5133274,5200602,5270079
San Marino,15432,15837,16255,16679,17099,17513,17918,18307,18668,18977,19221,19389,19494,19566,19664,19831,20083,20397,20760,21127,21459,21765,22037,22299,22549,22798,23046,23295,23551,23817,24125
Somalia,2755972,2814118,2874218,2936477,3001158,3068459,3143648,3227841,3312742,3386738,3444568,3472367,3479790,3512623,3632990,3880292,4278973,4802141,5375017,5892755,6281134,6511113,6608044,6618588,6614715,6648627,6736748,6862273,7005234,7133258,7225092
Serbia,,,,,,,,,,,,,,,,,,,,,,,,,,,,,,,7586000
Sub-Saharan Africa (excluding high income),227191523,232524149,238077656,243848250,249827421,256012311,262405723,269022313,275886090,283027719,290472589,298229373,306303245,314704275,323442251,332524194,341958327,351746884,361877211,372341499,383124971,394217921,405624490,417361346,429457221,441922766,454769977,467984669,481525537,495338224,509382344
South Sudan,2842724,2895605,2951043,3009062,3069739,3133150,3199343,3268405,3340422,3415576,3494004,3575900,3661440,3750782,3844104,3941618,4041791,4144554,4253083,4371714,4502604,4646489,4799434,4953151,5096482,5220747,5328164,5419809,5485282,5511579,5492623
Sub-Saharan Africa,227233223,232567038,238121698,243893426,249873743,256059811,262454422,269072224,275937224,283080084,290526189,298284068,306359274,314761167,323500188,332583486,342018831,351808670,361939361,372404185,383188232,394281956,405688903,417425681,429521938,441988010,454835629,468053168,481594292,495407391,509451851
Small states,14211639,14483282,14762138,15045773,15333405,15621028,15906032,16189727,16478305,16772164,17073346,17384861,17702858,18024937,18352313,18688110,19027631,19373936,19729135,20104292,20501059,20918882,21359026,21809947,22269313,22740402,23219524,23705899,24190638,24669512,25134362
Sao Tome and Principe,64302,64602,64479,64231,64277,64892,66183,68047,70257,72507,74564,76347,77934,79464,81152,83138,85481,88110,90843,93461,95794,97770,99473,101066,102829,104924,107429,110254,113285,116320,119209
Suriname,287871,295916,303895,311947,320270,328936,338158,347660,356550,363575,367931,369236,367907,364915,361667,359226,357953,357659,358099,358818,359519,360143,360920,362276,364733,368638,374140,381037,388881,397085,405168
Slovak Republic,4068095,4191667,4238188,4282017,4327341,4370983,4411666,4449367,4483915,4518607,4538223,4557449,4596622,4641445,4689623,4739105,4789507,4840501,4890125,4938973,4979815,5016105,5055099,5091971,5127097,5161768,5193838,5222840,5250596,5275942,5299187
Slovenia,1584720,1594131,1603649,1616971,1632114,1649160,1669905,1689528,1704546,1713874,1724891,1738335,1752233,1766697,1776132,1793581,1820249,1842377,1862548,1882599,1901315,1906531,1910334,1922321,1932154,1941641,1965964,1989776,1995196,1996351,1998161
Sweden,7484656,7519998,7561588,7604328,7661354,7733853,7807797,7867931,7912273,7968072,8042801,8098334,8122300,8136312,8159955,8192437,8222286,8251540,8275599,8293678,8310531,8320503,8325263,8329033,8336605,8350386,8369829,8397804,8436489,8492964,8558835
Eswatini,336583,343345,350156,357292,365122,373919,383826,394757,406506,418747,431253,443977,457039,470559,484749,499763,515599,532260,549796,568315,587858,608380,629811,652115,675239,699080,723595,748632,773768,798507,822420
Sint Maarten (Dutch part),,,,,,,,,,,,,,,,,,,,,,,,,,,,,,,
Seychelles,41700,42889,44042,45176,46322,47500,48699,49911,51134,52365,53600,54695,56029,56892,57937,59292,60504,61786,62150,62686,63261,64035,64413,64335,64717,65244,65652,68499,68755,69167,69507
Syrian Arab Republic,4573512,4721896,4875422,5034646,5200336,5373137,5553246,5740710,5935860,6139048,6350541,6570857,6800141,7037851,7283177,7535714,7794662,8060649,8336418,8625690,8930774,9252851,9590227,9938847,10293049,10648632,11004272,11360852,11719071,12080444,12446171
Turks and Caicos Islands,5824,5874,5884,5870,5848,5823,5791,5764,5744,5773,5841,5971,6157,6381,6606,6827,7015,7198,7385,7613,7888,8235,8654,9104,9556,9970,10357,10724,11093,11548,12111
Chad,3001609,3060368,3121236,3183572,3246523,3309586,3372189,3434825,3499362,3568398,3643604,3726189,3815260,3907889,3999921,4088564,4173135,4255248,4337291,4422745,4514430,4612849,4718162,4832321,4957558,5095401,5247283,5412847,5589626,5773920,5963252
East Asia & Pacific (IDA & IBRD countries),883445573,882807967,894536179,917563055,940205368,963806254,990927389,1017110646,1044230714,1073035641,1102743566,1133088651,1161692276,1189353307,1215519616,1239283620,1261221825,1281596026,1301958160,1322627335,1342952245,1363987509,1387365773,1410865625,1433295147,1456445290,1481135087,1507322668,1533819043,1559650576,1584871832
Europe & Central Asia (IDA & IBRD countries),308925209,313575168,318268089,323037300,327816760,332408546,336269817,340266714,344176940,347963199,351616528,355267605,359067136,362873895,366718674,370598463,374638948,378610495,382483487,386331985,390313394,394369212,398263895,402150952,406270520,410367344,414388121,418349572,422137029,425529430,428315751
Togo,1580513,1597526,1612755,1631764,1662073,1708630,1774029,1855442,1945780,2034907,2115522,2185662,2247582,2303345,2356622,2410446,2464423,2518457,2576292,2642696,2720839,2812307,2915620,3026973,3140846,3252994,3363042,3471739,3577468,3678567,3774312
Thailand,27397207,28224187,29080938,29966865,30881138,31822660,32789130,33778799,34791409,35827092,36884536,37963278,39058603,40159582,41252324,42326312,43377271,44405904,45413080,46401754,47374472,48326274,49255900,50173924,51094868,52026901,52980094,53945881,54891520,55772169,56558186
Tajikistan,2087049,2159134,2236574,2318248,2402477,2487976,2574511,2662253,2750928,2840262,2930107,3020413,3111282,3203029,3296103,3390941,3487652,3586515,3688419,3794451,3905446,4020821,4140295,4265274,4397562,4537822,4687325,4844002,5001169,5149874,5283814
Turkmenistan,1603258,1658362,1715408,1773853,1833064,1892599,1952141,2011764,2071790,2132802,2195175,2258965,2324015,2390216,2457384,2525364,2594313,2664258,2734895,2805819,2876808,2947779,3019066,3091513,3166221,3244018,3324458,3407321,3493895,3585868,3683967
Latin America & the Caribbean (IDA & IBRD countries),209830870,215714204,221761892,227953108,234259729,240659602,247146615,253720596,260373635,267098365,273890550,280743854,287660314,294655159,301749862,308960344,316284425,323716454,331262793,338930835,346721295,354637282,362664167,370762243,378879107,386975093,395030890,403048813,411037290,419014393,426991606
Timor-Leste,474532,482854,491571,500647,510034,519686,529327,538909,548825,559626,571565,585251,600192,614253,624555,629227,627251,619816,610054,602358,599905,603842,613238,626675,641844,657053,671752,686471,701809,718741,737814
Middle East & North Africa (IDA & IBRD countries),97553162,100147129,102808053,105546273,108376339,111307812,114351833,117503859,120739199,124023257,127335091,130670746,134051043,137511210,141099581,144855682,148781931,152881209,157192233,161761420,166616401,171766031,177185670,182825264,188614696,194494169,200443463,206447530,212456887,218415849,224280789
Tonga,61577,63715,66235,68981,71741,74345,76771,79029,81079,82855,84351,85499,86323,86962,87582,88318,89234,90273,91335,92268,92971,93409,93641,93729,93788,93896,94088,94321,94591,94851,95069
South Asia (IDA & IBRD),572839523,584939726,597494449,610498327,623943332,637823175,652144182,666908582,682102178,697706104,713711349,730107637,746911716,764174958,781966565,800335563,819292545,838819925,858901731,879510848,900620572,922226636,944315187,966836452,989728215,1012942302,1036437892,1060208539,1084281155,1108702403,1133495196
Sub-Saharan Africa (IDA & IBRD countries),227233223,232567038,238121698,243893426,249873743,256059811,262454422,269072224,275937224,283080084,290526189,298284068,306359274,314761167,323500188,332583486,342018831,351808670,361939361,372404185,383188232,394281956,405688903,417425681,429521938,441988010,454835629,468053168,481594292,495407391,509451851
Trinidad and Tobago,847979,864818,879441,891944,902613,911737,919217,925235,930795,937186,945360,955741,968136,982010,996493,1010936,1025107,1039212,1053558,1068640,1084744,1101983,1120020,1138071,1155074,1170285,1183381,1194541,1204153,1212857,1221116
Tunisia,4178236,4238142,4305481,4380068,4461114,4547941,4641000,4740511,4845219,4953390,5063809,5176295,5291338,5409343,5530975,5656914,5786478,5919965,6060151,6210756,6374039,6551231,6740529,6937331,7135270,7329594,7517858,7700736,7880332,8060210,8242496
Turkey,27472345,28146910,28832827,29531365,30244261,30972994,31717507,32477992,33256464,34055390,34876303,35720599,36587261,37472336,38370283,39277258,40189567,41108297,42039992,42994041,43975971,44988414,46025411,47073472,48114155,49133937,50128541,51100924,52053765,52992487,53921760
Tuvalu,5323,5335,5340,5343,5356,5386,5438,5511,5597,5670,5735,5766,5790,5822,5905,6060,6323,6650,7014,7358,7637,7827,7956,8041,8115,8219,8336,8485,8637,8779,8913
Tanzania,10052152,10346697,10651962,10968195,11295681,11634832,11985440,12348189,12725522,13120580,13535481,13971695,14428340,14902263,15388936,15885229,16390159,16905214,17432757,17976222,18538259,19120680,19723322,20344547,20981776,21633796,22296286,22971200,23670808,24411738,25203845
Uganda,6767095,6983818,7215796,7461634,7719104,7986066,8263439,8550443,8841153,9127857,9405600,9671860,9929636,10186455,10453037,10737403,11042974,11368615,11712530,12071145,12442334,12825082,13221991,13638729,14082875,14559355,15070302,15612754,16180124,16763042,17354392
Ukraine,42664652,43206345,43752230,44288608,44796964,45264548,45684979,46063228,46411810,46749283,47088857,47435010,47783005,48125842,48452626,48755665,49032729,49287127,49523314,49747989,49965874,50221000,50384000,50564000,50754000,50917000,51097000,51293000,51521000,51773000,51892000
Upper middle income,1184555662,1189517219,1206934313,1235735480,1264214938,1293671190,1326076088,1357707469,1390259908,1424467769,1459613363,1495392316,1529438212,1562594826,1594423792,1624083079,1652300299,1679100999,1706009390,1733303601,1760396042,1788251122,1818380977,1848610954,1878028567,1908228254,1939929947,1973093324,2006397732,2038575917,2069481368
Uruguay,2538643,2571681,2603882,2635126,2665388,2694536,2722875,2750086,2774759,2795042,2809793,2818281,2821461,2822117,2824095,2830176,2841372,2856958,2875728,2895688,2915389,2934613,2953852,2973036,2992246,3011519,3030649,3049581,3068705,3088595,3109601
United States,180671000,183691000,186538000,189242000,191889000,194303000,196560000,198712000,200706000,202677000,205052000,207661000,209896000,211909000,213854000,215973000,218035000,220239000,222585000,225055000,227225000,229466000,231664000,233792000,235825000,237924000,240133000,242289000,244499000,246819000,249623000
Uzbekistan,8526300,8813616,9113620,9428906,9762816,10116870,10493436,10889509,11294672,11694847,12080317,12446443,12796980,13140797,13491117,13857478,14242769,14643875,15057224,15476922,15898757,16321696,16747426,17177664,17615040,18061284,18515578,18976417,19443887,19918119,20510000
St. Vincent and the Grenadines,80977,82169,83237,84198,85111,86011,86903,87777,88662,89568,90509,91491,92513,93571,94614,95662,96692,97701,98697,99649,100566,101437,102256,103032,103779,104506,105217,105906,106532,107071,107484
"Venezuela, RB",8141841,8439261,8742777,9052635,9369096,9692278,10022592,10359745,10702291,11048262,11396393,11745945,12097694,12453718,12816955,13189509,13572208,13964379,14364727,14771271,15182611,15597886,16017573,16443134,16876703,17319520,17772001,18232730,18698847,19166471,19632665
British Virgin Islands,8048,8167,8310,8476,8646,8830,9025,9222,9421,9626,9827,10017,10208,10392,10562,10699,10821,10928,11045,11218,11478,11826,12249,12752,13322,13956,14649,15407,16154,16862,17489
Virgin Islands (U.S.),32500,34300,35000,39800,40800,43500,46200,49100,55700,60300,63476,70937,76319,84121,89941,94484,96166,93203,95929,96183,99636,99853,100068,100348,100600,100760,100842,100901,100952,101041,103963
Vietnam,32670039,33666110,34683407,35721217,36779999,37858951,38958048,40072948,41193601,42307146,43404793,44484035,45548479,46603525,47657561,48718189,49785282,50861162,51959015,53095408,54281846,55522803,56814306,58148384,59512619,60896721,62293856,63701972,65120439,66550234,67988862
Vanuatu,63689,65705,67794,69946,72115,74270,76395,78499,80657,82927,85377,88010,90809,93747,96774,99859,103006,106200,109405,112549,115597,118541,121395,124209,127049,129984,132995,136079,139315,142794,146573
World,3032019978,3073077563,3126066253,3191186048,3256700083,3323623700,3393699205,3463147267,3533536526,3608235815,3683676306,3761307048,3837726171,3913217944,3989385034,4063806523,4136393107,4208770941,4282341460,4357793599,4434021975,4512268962,4593454253,4675367633,4756998073,4840155168,4925801334,5013576387,5102293348,5190965222,5281340078
Samoa,108629,112105,115776,119559,123342,127054,130673,134177,137487,140500,143149,145413,147296,148864,150198,151359,152367,153224,153987,154739,155525,156407,157372,158352,159248,159990,160544,160965,161376,161940,162803
Kosovo,947000,966000,994000,1022000,1050000,1078000,1106000,1135000,1163000,1191000,1219000,1247000,1278000,1308000,1339000,1369000,1400000,1430000,1460000,1491000,1521000,1552000,1582000,1614000,1647000,1682000,1717000,1753000,1791000,1827000,1862000
"Yemen, Rep.",5315355,5393036,5473671,5556766,5641597,5727751,5816247,5907874,6001852,6097035,6193384,6290365,6390574,6500816,6629999,6784695,6967941,7178675,7414158,7669694,7941898,8231910,8541605,8869370,9213084,9572175,9941109,10322043,10730862,11189177,11709993
South Africa,17099840,17524533,17965725,18423161,18896307,19384841,19888250,20406864,20942145,21496075,22069776,22665271,23281508,23913099,24552540,25195187,25836888,26480913,27138965,27827320,28556769,29333103,30150448,30993758,31841593,32678874,33495953,34297727,35100909,35930050,36800509
Zambia,3070776,3164329,3260650,3360104,3463213,3570464,3681955,3797873,3918872,4045740,4179067,4319224,4466174,4619546,4778724,4943283,5112823,5287548,5468262,5656139,5851825,6055366,6265864,6481916,6701540,6923149,7146969,7372837,7598275,7820205,8036845
Zimbabwe,3776681,3905034,4039201,4178726,4322861,4471177,4623351,4779827,4941906,5111337,5289303,5476982,5673911,5877726,6085074,6293875,6502569,6712827,6929664,7160023,7408624,7675591,7958241,8254747,8562249,8877489,9200149,9527203,9849125,10153852,10432421