Country,1991,1992,1993,1994,1995,1996,1997,1998,1999,2000,2001,2002,2003,2004,2005,2006,2007,2008,2009,2010,2011,2012,2013,2014,2015,2016,2017,2018
Aruba,64622,68235,72504,76700,80324,83200,85451,87277,89005,90853,92898,94992,97017,98737,100031,100834,101222,101358,101455,101669,102046,102560,103159,103774,104341,104872,105366,105845
Afghanistan,13299017,14485546,15816603,17075727,18110657,18853437,19357126,19737765,20170844,20779953,21606988,22600770,23680871,24726684,25654277,26433049,27100536,27722276,28394813,29185507,30117413,31161376,32269589,33370794,34413603,35383128,36296400,37172386
Angola,12248901,12657366,13075049,13503747,13945206,14400719,14871570,15359601,15866869,16395473,16945753,17519417,18121479,18758145,19433602,20149901,20905363,21695634,22514281,23356246,24220661,25107931,26015780,26941779,27884381,28842484,29816748,30809762
Albania,3266790,3247039,3227287,3207536,3187784,3168033,3148281,3128530,3108778,3089027,3060173,3051010,3039616,3026939,3011487,2992547,2970017,2947314,2927519,2913021,2905195,2900401,2895092,2889104,2880703,2876101,2873457,2866376
Andorra,56671,58888,60971,62677,63850,64360,64327,64142,64370,65390,67341,70049,73182,76244,78867,80993,82684,83862,84463,84449,83747,82427,80774,79213,78011,77297,77001,77006
Arab World,228731685,232956352,239243261,245449409,253107289,259000953,264822188,270575803,276393837,282344154,288432163,294665185,301113849,307862843,314965793,322452754,330290716,338395961,346629220,354890042,363158703,371443547,379705719,387907748,396028278,404024433,411898965,419790588
United Arab Emirates,1937153,2052891,2173139,2294385,2415090,2539126,2671362,2813214,2966034,3134062,3302719,3478777,3711932,4068570,4588225,5300174,6168838,7089487,7917372,8549988,8946777,9141596,9197910,9214175,9262900,9360980,9487203,9630959
Argentina,33079000,33529326,33970111,34402672,34828170,35246374,35657429,36063459,36467218,36870787,37275652,37681749,38087868,38491972,38892931,39289878,39684295,40080160,40482788,40788453,41261490,41733271,42202935,42669500,43131966,43590368,44044811,44494502
Armenia,3505258,3442817,3363108,3283667,3217348,3168221,3133089,3108687,3089022,3069591,3050687,3033978,3017932,3000720,2981269,2958307,2932618,2907618,2888092,2877319,2876538,2884229,2897584,2912403,2925553,2936146,2944809,2951776
American Samoa,48685,49896,51020,52095,53161,54211,55221,56171,57053,57821,58494,59080,59504,59681,59562,59107,58365,57492,56683,56079,55759,55667,55713,55791,55812,55741,55620,55465
Antigua and Barbuda,63367,64471,65777,67204,68670,70173,71704,73224,74674,76016,77212,78295,79300,80336,81465,82704,84026,85397,86746,88028,89253,90409,91516,92562,93566,94527,95426,96286
Australia,17284000,17495000,17667000,17855000,18072000,18311000,18517000,18711000,18926000,19153000,19413000,19651400,19895400,20127400,20394800,20697900,20827600,21249200,21691700,22031750,22340024,22733465,23128129,23475686,23815995,24190907,24601860,24992369
Austria,7754891,7840709,7905633,7936118,7948278,7959017,7968041,7976789,7992324,8011566,8042293,8081957,8121423,8171966,8227829,8268641,8295487,8321496,8343323,8363404,8391643,8429991,8479823,8546356,8642699,8736668,8797566,8847037
Azerbaijan,7271000,7382000,7495000,7597000,7685000,7763000,7838250,7913000,7982750,8048600,8111200,8171950,8234100,8306500,8391850,8484550,8581300,8763400,8947243,9054332,9173082,9295784,9416801,9535079,9649341,9757812,9854033,9942334
Burundi,5564926,5685565,5798053,5898967,5987043,6060111,6122130,6185562,6267124,6378871,6525545,6704113,6909154,7131693,7364862,7607849,7862214,8126102,8397668,8675602,8958406,9245988,9540289,9844297,10160030,10487998,10827024,11175378
Belgium,10004486,10045158,10084475,10115603,10136811,10156637,10181245,10203008,10226419,10251250,10286570,10332785,10376133,10421137,10478617,10547958,10625700,10709973,10796493,10895586,11038264,11106932,11159407,11209057,11274196,11331422,11375158,11422068
Benin,5149499,5331803,5521763,5714220,5905558,6094259,6281639,6470265,6664098,6865951,7076733,7295394,7520555,7750004,7982225,8216897,8454793,8696921,8944708,9199259,9460830,9729248,10004588,10286842,10575952,10872067,11175204,11485048
Burkina Faso,9050084,9297113,9552476,9816588,10089878,10372745,10665546,10968724,11282701,11607942,11944587,12293100,12654621,13030569,13421930,13829176,14252021,14689725,15141098,15605217,16081911,16571246,17072775,17586017,18110624,18646378,19193284,19751535
Bangladesh,105599127,107983704,110350639,112737683,115169930,117649932,120160564,122682815,125189651,127657854,130088702,132478086,134791603,136986432,139035505,140921167,142660376,144304167,145924797,147575430,149273778,151007807,152764676,154520167,156256276,157970840,159670593,161356039
Bulgaria,8632367,8540164,8472313,8443591,8406067,8362826,8312068,8256786,8210624,8170172,8009142,7837161,7775327,7716860,7658972,7601022,7545338,7492561,7444443,7395599,7348328,7305888,7265115,7223938,7177991,7127822,7075947,7024216
Bahrain,509760,523086,536210,549583,563697,578666,594931,613700,636541,664611,697545,735146,778708,829844,889164,958418,1035919,1114641,1185076,1240860,1278151,1299943,1315029,1336075,1371851,1425791,1494074,1569439
"Bahamas, The",261008,266029,271069,275846,280184,283978,287358,290597,294062,298051,302618,307660,313129,318894,324859,331033,337389,343681,349604,354942,359577,363584,367168,370633,374206,377931,381761,385640
Bosnia and Herzegovina,4369319,4233676,4078937,3936524,3829050,3764425,3736070,3734337,3743354,3751176,3755512,3759387,3762173,3764194,3765331,3765424,3762786,3754271,3735938,3705472,3661175,3604972,3542605,3482104,3429361,3386267,3351527,3323929
Belarus,10194000,10216000,10239000,10227000,10194000,10160000,10117000,10069000,10026738,9979610,9928549,9865548,9796749,9730146,9663915,9604924,9560953,9527985,9506765,9490583,9473172,9464495,9465997,9474511,9489616,9501534,9498264,9485386
Belize,191128,194324,197622,201680,206963,213664,221580,230244,238988,247315,255063,262378,269425,276504,283800,291329,299025,306823,314655,322464,330237,338000,345715,353366,360933,368400,375769,383071
Bermuda,59021,58595,58910,59320,59746,60129,60497,60943,61285,61833,62504,62912,63325,63740,64154,64523,64888,65273,65636,65124,64564,64798,65001,65139,65239,64555,63874,63968
Bolivia,7011453,7160920,7312850,7466793,7622338,7779267,7937458,8096761,8257066,8418264,8580235,8742814,8905823,9069039,9232306,9395446,9558439,9721454,9884781,10048590,10212954,10377676,10542376,10706517,10869730,11031813,11192854,11353142
Brazil,151648011,154259380,156849078,159432716,162019896,164614688,167209040,169785250,172318675,174790340,177196054,179537520,181809246,184006481,186127103,188167356,190130443,192030362,193886508,195713635,197514534,199287296,201035903,202763735,204471769,206163058,207833831,209469333
Barbados,261905,262886,263874,264893,265955,267049,268187,269336,270451,271515,272500,273425,274329,275284,276323,277477,278700,279946,281104,282131,282987,283700,284296,284825,285324,285796,286233,286641
Brunei Darussalam,266210,273892,281681,289454,297114,304622,311958,319144,326210,333165,340034,346782,353293,359433,365114,370263,374965,379421,383906,388646,393688,398989,404421,409769,414907,419800,424473,428962
Bhutan,534632,534516,532596,531897,534620,541465,551709,564377,577881,591021,603640,616018,627839,638815,648739,657410,664876,671613,678323,685503,693298,701583,710238,719056,727876,736709,745568,754394
Botswana,1326322,1363554,1399110,1434059,1469174,1504730,1540425,1575824,1610264,1643334,1674678,1704642,1734398,1765527,1799078,1835908,1875459,1915639,1953498,1987105,2015402,2039551,2062536,2088614,2120716,2159944,2205128,2254126
Central African Republic,2878509,2959236,3046149,3135015,3222656,3308233,3392436,3475492,3558014,3640427,3722018,3802128,3881181,3959875,4038382,4118069,4198010,4273366,4337625,4386768,4418636,4436415,4447942,4464175,4493170,4537687,4596028,4666377
Canada,28037420,28371264,28684764,29000663,29302311,29610218,29905948,30155173,30401286,30685730,31020902,31360079,31644028,31940655,32243753,32571174,32889025,33247118,33628895,34004889,34339328,34714222,35082954,35437435,35702908,36109487,36540268,37058856
Central Europe and the Baltics,110469467,110111454,110041924,110021594,109864246,109626194,109422013,109238340,109060951,108447824,107660041,106959751,106624167,106331716,106041911,105772481,105378748,105001883,104800475,104421447,104174038,103935318,103713726,103496179,103257751,102994343,102738854,102511922
Switzerland,6799978,6875364,6938265,6993795,7040687,7071850,7088906,7110001,7143991,7184250,7229854,7284753,7339001,7389625,7437115,7483934,7551117,7647675,7743831,7824909,7912398,7996861,8089346,8188649,8282396,8373338,8451840,8516543
Channel Islands,141467,142006,142415,142863,143484,144335,145373,146498,147555,148443,149097,149596,150068,150716,151678,153008,154636,156433,158178,159734,160998,162056,163038,164100,165385,166923,168665,170499
Chile,13495258,13719819,13944937,14166340,14380866,14587370,14786220,14977733,15162800,15342353,15516113,15684409,15849652,16014971,16182721,16354504,16530195,16708258,16886186,17062536,17233576,17400347,17571507,17758959,17969353,18209068,18470439,18729160
China,1150780000,1164970000,1178440000,1191835000,1204855000,1217550000,1230075000,1241935000,1252735000,1262645000,1271850000,1280400000,1288400000,1296075000,1303720000,1311020000,1317885000,1324655000,1331260000,1337705000,1344130000,1350695000,1357380000,1364270000,1371220000,1378665000,1386395000,1392730000
Cote d'Ivoire,12362407,12812421,13271643,13735433,14199762,14665127,15130663,15589414,16032573,16454668,16853026,17231539,17599610,17970494,18354514,18754916,19171237,19605569,20059147,20532950,21028655,21547188,22087505,22647683,23226143,23822714,24437469,25069229
Cameroon,12137912,12499499,12864090,13230984,13599988,13970813,14344449,14723768,15112592,15513945,15928910,16357602,16800865,17259322,17733410,18223674,18730282,19252666,19789919,20341241,20906388,21485266,22077298,22681858,23298368,23926539,24566045,25216237
"Congo, Dem. Rep.",35908244,37333914,38815834,40252975,41576234,42757243,43827180,44849967,45919613,47105826,48428545,49871666,51425580,53068880,54785903,56578037,58453683,60411195,62448574,64563854,66755153,69020747,71358807,73767447,76244544,78789127,81398764,84068091
"Congo, Rep.",2422305,2489952,2559873,2632345,2707537,2785810,2867280,2951647,3038433,3127411,3217933,3310387,3406922,3510468,3622775,3745141,3876119,4011486,4145391,4273731,4394844,4510198,4622761,4736974,4856095,4980999,5110702,5244363
Colombia,33758337,34422569,35091275,35758979,36421438,37076387,37723800,38364309,38999471,39629968,40255967,40875360,41483869,42075955,42647723,43200897,43737516,44254975,44750054,45222700,45663099,46076848,46497267,46969209,47520667,48171392,48901066,49648685
Comoros,423872,436448,449274,462277,475394,488627,501953,515385,528848,542357,555888,569479,583211,597228,611627,626425,641620,657229,673252,689692,706569,723871,741505,759390,777424,795592,813892,832322
Cabo Verde,346230,355757,366053,376407,386284,395533,404259,412514,420452,428188,435709,442951,449930,456617,463032,469170,475060,480842,486671,492654,498856,505235,511748,518269,524743,531146,537497,543767
Costa Rica,3202085,3286520,3372298,3458834,3545534,3632362,3718949,3803887,3885430,3962372,4034074,4100925,4164053,4225155,4285502,4345412,4404628,4463125,4520740,4577378,4633086,4688000,4742107,4795396,4847804,4899345,4949954,4999441
Caribbean small states,6058308,6112815,6170351,6227335,6281190,6331280,6378552,6423827,6468476,6513485,6559096,6604965,6650971,6696953,6742717,6788123,6833393,6878978,6925452,6973206,7022387,7072665,7123332,7173435,7222212,7269386,7314990,7358965
Cuba,10673542,10736387,10789306,10838462,10888252,10939293,10989732,11038692,11084670,11126430,11164667,11199651,11229183,11250365,11261582,11261248,11251122,11236971,11226709,11225832,11236670,11257101,11282720,11306902,11324781,11335109,11339259,11338138
Curacao,144403,143912,144299,144630,145139,146306,146956,144472,139428,133860,129047,129205,131897,134192,137658,141239,144056,145880,146833,148703,150831,152088,153822,155909,157980,159664,160175,159849
Cayman Islands,26544,27780,29069,30514,32166,34065,36156,38329,40420,42303,43935,45351,46632,47902,49261,50740,52280,53836,55322,56672,57878,58958,59932,60848,61724,62569,63382,64174
Cyprus,783124,800611,818746,837110,855383,873423,891190,908702,926046,943290,960276,976964,993563,1010408,1027662,1045507,1063713,1081563,1098083,1112612,1124833,1135046,1143866,1152285,1160985,1170187,1179680,1189265
Czech Republic,10308578,10319123,10329855,10333587,10327253,10315241,10304131,10294373,10283860,10255063,10216605,10196916,10193998,10197101,10211216,10238905,10298828,10384603,10443936,10474410,10496088,10510785,10514272,10525347,10546059,10566332,10594438,10625695
Germany,80013896,80624598,81156363,81438348,81678051,81914831,82034771,82047195,82100243,82211508,82349925,82488495,82534176,82516260,82469422,82376451,82266372,82110097,81902307,81776930,80274983,80425823,80645605,80982500,81686611,82348669,82657002,82927922
Djibouti,606844,615054,618495,622366,630388,643654,660863,680463,699975,717584,733015,746942,759641,771603,783254,794563,805451,816358,827823,840198,853674,868136,883293,898696,913993,929112,944097,958920
Dominica,70374,70544,70831,71043,71098,70936,70599,70185,69835,69650,69661,69837,70100,70382,70589,70718,70795,70827,70851,70878,70916,70965,71016,71085,71183,71307,71458,71625
Denmark,5154298,5171370,5188628,5206180,5233373,5263074,5284991,5304219,5321799,5339616,5358783,5375931,5390574,5404523,5419432,5437272,5461438,5493621,5523095,5547683,5570572,5591572,5614932,5643475,5683483,5728010,5764980,5797446
Dominican Republic,7270409,7408342,7546463,7683707,7819247,7952763,8084407,8214426,8343283,8471321,8598601,8724975,8850317,8974444,9097257,9218686,9338861,9458075,9576737,9695121,9813210,9930911,10048224,10165178,10281680,10397743,10513131,10627165
Algeria,26400479,27028326,27635515,28213774,28757785,29266405,29742979,30192754,30623406,31042235,31451514,31855109,32264157,32692163,33149724,33641002,34166972,34730608,35333881,35977455,36661444,37383887,38140132,38923687,39728025,40551404,41389198,42228429
East Asia & Pacific (excluding high income),1629641399,1652538259,1674590518,1696474639,1717912312,1738960485,1759761226,1779799008,1798649990,1816466142,1833433229,1849617640,1865142700,1880258797,1895285323,1909901290,1924028068,1938067140,1952027348,1965964309,1980045666,1994401378,2008932012,2023609315,2038202511,2053116851,2068155660,2081651801
Early-demographic dividend,2073777602,2117950211,2161909784,2205893669,2250115643,2294686411,2339478706,2384215228,2428682278,2472913805,2516715617,2560162782,2603385880,2646598382,2689939785,2733462527,2777145806,2820903724,2864614907,2908287643,2951856336,2994852889,3037662926,3080325473,3122841922,3165142287,3207188541,3249140605
East Asia & Pacific,1848222188,1872480731,1895897521,1919359723,1942431457,1965146504,1987315562,2008705489,2028650274,2047640119,2065912076,2083186112,2099602439,2115458616,2131146832,2146744075,2161785573,2177119142,2192059415,2206884624,2221673110,2236819053,2252046977,2267482299,2282855831,2298514046,2314202003,2328220870
Europe & Central Asia (excluding high income),387394807,389005125,390255767,390879149,391293819,391652704,392007080,392243961,392211706,392301484,392050558,391720978,391882450,392243981,392658986,393216869,393919037,394991819,396743394,398783138,401012737,403265869,405778196,408278056,410844329,413361214,415710935,417797257
Europe & Central Asia,846356322,849757442,852712876,854685450,856212881,857577538,858882872,860015493,861035457,861993393,863083216,864648977,866925884,869516666,872163396,874862170,878004122,881531261,885170595,888627318,890862941,894486795,898766094,903129978,907498192,911812364,915420161,918793590
Ecuador,10472475,10716129,10961466,11208001,11455204,11703174,11951452,12198449,12442115,12681123,12914667,13143465,13369678,13596388,13825847,14059384,14296557,14535739,14774424,15011117,15243883,15474102,15707474,15951838,16212020,16491115,16785361,17084357
"Egypt, Arab Rep.",57424549,58666814,59880658,61095804,62334034,63601629,64892270,66200269,67515591,68831561,70152661,71485043,72826097,74172073,75523569,76873663,78232126,79636079,81134798,82761235,84529250,86422240,88404640,90424654,92442547,94447072,96442593,98423595
Euro area,312708137,314162058,315449099,316366779,317181448,318003015,318761762,319433981,320258898,321310791,322547874,324125336,325885964,327682505,329380417,330922789,332645165,334274725,335360890,336151479,335419643,336159194,337302113,338466255,339533474,340616924,341164362,341783171
Eritrea,2266358,2257596,2238626,2218430,2204222,2196464,2195179,2206432,2237405,2292416,2374722,2481058,2600973,2719803,2826659,2918205,2996536,3062779,3119920,3170435,3213972,,,,,,,
Spain,38966376,39157685,39361262,39549108,39724050,39889852,40057389,40223509,40386875,40567864,40850412,41431558,42187645,42921895,43653155,44397319,45226803,45954106,46362946,46576897,46742697,46773055,46620045,46480882,46444832,46483569,46593236,46723749
Estonia,1561314,1533091,1494128,1462514,1436634,1415594,1399535,1386156,1390244,1396985,1388115,1379350,1370720,1362550,1354775,1346810,1340680,1337090,1334515,1331475,1327439,1322696,1317997,1314545,1315407,1315790,1317384,1320884
Ethiopia,49609969,51423585,53295566,55180998,57047908,58883530,60697443,62507724,64343013,66224804,68159423,70142091,72170584,74239505,76346311,78489206,80674348,82916235,85233913,87639964,90139927,92726971,95385785,98094253,100835458,103603501,106400024,109224559
European Union,479155422,480544294,482059744,483264869,484222373,485063813,485855012,486597004,487497959,488221138,489015301,490252423,492063516,494028141,495983155,497844869,499790863,501683669,503194070,504298777,504005894,505096232,506597697,508193856,509717579,511218529,512191098,513213363
Fragile and conflict affected situations,265557410,273554015,281936725,290328995,298467311,306246158,313764396,321010137,328377495,336293932,344736362,353568055,362707108,372022500,381419066,390889972,400456806,410146920,419986678,430002303,440218679,450626774,461192790,471835322,482530732,493290951,504119229,515215936
Finland,5013740,5041992,5066447,5088333,5107790,5124573,5139835,5153498,5165474,5176209,5188008,5200598,5213014,5228172,5246096,5266268,5288720,5313399,5338871,5363352,5388272,5413971,5438972,5461512,5479531,5495303,5508214,5518050
Fiji,735401,744469,754963,765609,775425,784386,792736,800157,806303,811006,813925,815257,816076,817860,821604,827870,836190,845361,853637,859818,863449,865069,865608,866453,868627,872399,877459,883483
France,58559311,58851217,59106768,59327192,59541899,59753100,59964851,60186288,60496718,60912500,61357430,61805267,62244886,62704895,63179351,63621381,64016225,64374984,64707040,65027507,65342780,65659809,65998687,66316100,66593366,66859768,66865144,66987244
Faroe Islands,47120,46739,46266,45856,45625,45615,45796,46096,46436,46735,46997,47233,47432,47600,47722,47792,47825,47820,47808,47814,47823,47843,47892,47960,48051,48173,48331,48497
"Micronesia, Fed. Sts.",98770,101389,103915,106030,107529,108321,108480,108208,107781,107402,107173,107030,106901,106625,106129,105371,104444,103543,102975,102911,103450,104506,105926,107446,108895,110215,111459,112640
Gabon,975783,1002579,1029778,1057255,1084946,1112955,1141338,1170061,1199052,1228360,1258003,1288315,1319953,1353795,1390549,1430152,1472575,1518540,1568928,1624140,1684635,1749682,1817071,1883800,1947686,2007873,2064823,2119275
United Kingdom,57424897,57580402,57718614,57865745,58019030,58166950,58316954,58487141,58682466,58892514,59119673,59370479,59647577,59987905,60401206,60846820,61322463,61806995,62276270,62766365,63258918,63700300,64128226,64613160,65128861,65595565,66058859,66488991
Georgia,4835900,4873500,4911100,4836076,4657722,4491699,4349913,4243607,4157192,4077131,4014373,3978515,3951736,3927340,3902469,3880347,3860158,3848449,3814419,3786695,3756441,3728874,3717668,3719414,3725276,3727505,3728004,3731000
Ghana,15207367,15653336,16106765,16561674,17014057,17462496,17908985,18357156,18812359,19278856,19756928,20246381,20750299,21272323,21814642,22379055,22963946,23563825,24170940,24779619,25387710,25996449,26607642,27224472,27849205,28481946,29121471,29767108
Gibraltar,29022,28840,28675,28602,28692,28971,29408,29947,30529,31077,31602,32102,32555,32928,33219,33417,33517,33559,33565,33585,33612,33646,33692,33725,33736,33737,33728,33718
Guinea,6534939,6716038,6897166,7081116,7269625,7463782,7662075,7860781,8054743,8240730,8417081,8586074,8753093,8925743,9109581,9307425,9518162,9738792,9964469,10192176,10420471,10652029,10892810,11150977,11432088,11738441,12067539,12414318
"Gambia, The",992673,1027475,1060862,1094212,1128575,1164091,1200526,1238125,1277133,1317703,1360074,1404261,1449925,1496527,1543741,1591445,1639848,1689285,1740279,1793196,1848147,1905011,1963711,2024042,2085860,2149139,2213894,2280102
Guinea-Bissau,997522,1020350,1043423,1066346,1088854,1110833,1132510,1154371,1177131,1201301,1227106,1254453,1283305,1313492,1344930,1377581,1411543,1446936,1483921,1522599,1562989,1604979,1648257,1692439,1737202,1782437,1828146,1874309
Equatorial Guinea,432853,447266,462637,479098,496768,515853,536460,558492,581770,606181,631666,658384,686664,716949,749535,784496,821687,860840,901599,943639,986853,1031191,1076413,1122276,1168568,1215179,1262001,1308974
Greece,10319927,10399061,10460415,10512922,10562153,10608800,10661259,10720509,10761698,10805808,10862132,10902022,10928070,10955141,10987314,11020362,11048473,11077841,11107017,11121341,11104899,11045011,10965211,10892413,10820883,10775971,10754679,10727668
Grenada,96460,97165,98230,99352,100288,101001,101567,102021,102432,102833,103249,103634,104005,104347,104661,104933,105190,105456,105789,106233,106796,107446,108170,108902,109599,110261,110874,111454
Greenland,55500,55300,55200,55500,55800,55900,56000,56100,56100,56200,56350,56609,56765,56911,56935,56774,56555,56328,56323,56905,56890,56810,56483,56295,56114,56186,56171,56025
Guatemala,9483270,9708544,9938692,10172297,10408489,10646674,10887634,11133501,11387203,11650743,11924946,12208848,12500478,12796925,13096028,13397021,13700327,14006428,14316263,14630417,14948803,15270778,15595821,15923243,16252429,16583060,16914936,17247807
Guam,133558,136692,139818,142802,145561,148060,150303,152277,153953,155329,156401,157176,157717,158101,158402,158648,158847,159036,159226,159444,159692,159996,160407,161016,161853,162951,164281,165768
Guyana,744474,748602,754144,758896,761291,760795,757970,753778,749674,746715,745206,744789,745143,745737,746163,746343,746474,746817,747718,749436,752028,755399,759285,763380,767432,771366,775221,779004
High income,1012606603,1018853066,1026846769,1034461319,1043384479,1050573065,1057559196,1064403601,1071158291,1077839576,1084888957,1092175508,1099365177,1106953027,1114743713,1123222521,1132154767,1141674064,1150180708,1157826206,1163335501,1170223344,1177175241,1184323353,1191326855,1198350350,1204429565,1210312147
"Hong Kong SAR, China",5752000,5800500,5901000,6035400,6156100,6435500,6489300,6543700,6606500,6665000,6714300,6744100,6730800,6783500,6813200,6857100,6916300,6957800,6972800,7024200,7071600,7150100,7178900,7229500,7291300,7336600,7391700,7451000
Honduras,5098591,5244678,5394412,5548960,5709014,5874809,6045699,6220406,6397151,6574509,6751912,6929265,7106319,7282953,7458985,7634298,7808518,7980955,8150775,8317470,8480671,8640691,8798521,8955589,9112916,9270795,9429013,9587522
Heavily indebted poor countries (HIPC),364782185,376055904,387705076,399503946,411298620,423019190,434736174,446608340,458867402,471680794,485112686,499113575,513601239,528444632,543555326,558909236,574560260,590590368,607115564,624219326,641921311,660193774,679012664,698336451,718128416,738387254,759106221,780234406
Croatia,4689022,4575818,4600463,4652024,4620030,4557097,4534920,4532135,4512597,4468302,4299642,4302174,4303399,4304600,4310145,4311159,4310217,4309705,4305181,4295427,4280622,4267558,4255689,4238389,4203604,4174349,4124531,4089400
Haiti,7178607,7319493,7460689,7602320,7744503,7887304,8030726,8174680,8319057,8463806,8608819,8754150,8900104,9047077,9195288,9344785,9495328,9646580,9798046,9949322,10100320,10250930,10400673,10549008,10695542,10839970,10982366,11123176
Hungary,10373400,10369341,10357523,10343355,10328965,10311238,10290486,10266570,10237530,10210971,10187576,10158608,10129552,10107146,10087065,10071370,10055780,10038188,10022650,10000023,9971727,9920362,9893082,9866468,9843028,9814023,9787966,9768785
IBRD only,3524494627,3578748050,3631876396,3684211762,3735691901,3786541610,3837092885,3886855288,3935228896,3981934121,4027560123,4072371012,4116879950,4161045550,4205058601,4248617747,4291629776,4334791952,4378481189,4421851199,4465853343,4510296617,4555067814,4599654984,4643767826,4687686335,4731120193,4772284113
IDA & IBRD total,4386707250,4464471808,4541486325,4617974811,4693887421,4769462932,4844990450,4919850879,4993500491,5066140135,5138190545,5209873584,5281727972,5353754291,5426151241,5498679869,5571274179,5644570358,5718843756,5793479782,5869059895,5945148626,6022137210,6099662180,6177552865,6256138021,6335039629,6412522234
IDA total,862212623,885723758,909609929,933763049,958195520,982921322,1007897565,1032995591,1058271595,1084206014,1110630422,1137502572,1164848022,1192708741,1221092640,1250062122,1279644403,1309778406,1340362567,1371628583,1403206552,1434852009,1467069396,1500007196,1533785039,1568451686,1603919436,1640238121
IDA blend,292064422,299824422,307643999,315538560,323589222,331892967,340389142,348989354,357543133,366210370,374871731,383578460,392391532,401420450,410737369,420376591,430363365,440671619,451237921,462331503,473598444,484720757,496066901,507644354,519429790,531399044,543525897,555830605
Indonesia,184591903,187739786,190851175,193917462,196934260,199901228,202826446,205724592,208615169,211513823,214427417,217357793,220309469,223285676,226289470,229318262,232374245,235469762,238620563,241834215,245116206,248452413,251806402,255129004,258383256,261554226,264645886,267663435
IDA only,570148201,585899336,601965930,618224489,634606298,651028355,667508423,684006237,700728462,717995644,735758691,753924112,772456490,791288291,810355271,829685531,849281038,869106787,889124646,909297080,929608108,950131252,971002495,992362842,1014355249,1037052642,1060393539,1084407516
Isle of Man,70932,71254,71428,71661,72131,72878,73850,74943,76001,76941,77703,78318,78884,79520,80305,81285,82408,83508,84376,84857,84886,84533,83976,83488,83234,83287,83598,84077
India,891273209,909307016,927403860,945601831,963922588,982365243,1000900030,1019483581,1038058156,1056575549,1075000085,1093317189,1111523144,1129623456,1147609927,1165486291,1183209472,1200669765,1217726215,1234281170,1250288729,1265782790,1280846129,1295604184,1310152403,1324509589,1338658835,1352617328
Not classified,,,,,,,,,,,,,,,,,,,,,,,,,,,,
Ireland,3534235,3558430,3576261,3590386,3608841,3637510,3674171,3712696,3754786,3805174,3866243,3931947,3996521,4070262,4159914,4273591,4398942,4489544,4535375,4560155,4580084,4599533,4623816,4657740,4701957,4755335,4807388,4853506
"Iran, Islamic Rep.",57679034,58780370,59723764,60590614,61442664,62294920,63136312,63971836,64800880,65623405,66449112,67284796,68122938,68951281,69762347,70554760,71336475,72120604,72924837,73762519,74634956,75539862,76481943,77465753,78492215,79564016,80673951,81800269
Iraq,17889459,18402734,18955085,19539340,20149338,20783073,21439574,22114324,22802064,23497585,24208180,24931919,25644499,26313838,26922284,27448124,27911248,28385746,28973162,29741976,30725300,31890011,33157050,34411951,35572261,36610632,37552781,38433600
Iceland,257797,261057,263725,266021,267468,268916,271128,274047,277381,281205,284968,287523,289521,292074,296734,303782,311566,317414,318499,318041,319014,320716,323764,327386,330815,335439,343400,353574
Israel,4949000,5123000,5261000,5399000,5545000,5692000,5836000,5971000,6125000,6289000,6439000,6570000,6689700,6809000,6930100,7053700,7180100,7308800,7485600,7623600,7765800,7910500,8059500,8215700,8380100,8546000,8713300,8883800
Italy,56758521,56797087,56831821,56843400,56844303,56860281,56890372,56906744,56916317,56942108,56974100,57059007,57313203,57685327,57969484,58143979,58438310,58826731,59095365,59277417,59379449,59539717,60233948,60789140,60730582,60627498,60536709,60431283
Jamaica,2439334,2461049,2484581,2509043,2533711,2558637,2583916,2608873,2632675,2654701,2674702,2692845,2709437,2725015,2740003,2754407,2768227,2781876,2795837,2810460,2825929,2842132,2858709,2875136,2891021,2906238,2920853,2934855
Jordan,3760496,3977672,4201555,4410359,4588843,4732854,4848541,4943975,5031762,5122493,5217336,5317506,5434030,5580244,5765635,5991540,6255280,6556478,6893260,7261539,7663131,8090872,8520420,8920049,9266575,9551467,9779173,9956011
Japan,123921000,124229000,124536000,124961000,125439000,125757000,126057000,126400000,126631000,126843000,127149000,127445000,127718000,127761000,127773000,127854000,128001000,128063000,128047000,128070000,127833000,127629000,127445000,127276000,127141000,126994511,126785797,126529100
Kazakhstan,16450500,16439095,16330419,16095199,15815626,15577894,15333703,15071300,14928426,14883626,14858335,14858948,14909018,15012985,15147029,15308084,15484192,15674000,16092822,16321872,16557201,16792089,17035550,17288285,17542806,17794055,18037776,18276499
Kenya,24521703,25326078,26136216,26950513,27768296,28589451,29415659,30250488,31098757,31964557,32848564,33751739,34678779,35635271,36624895,37649033,38705932,39791981,40901792,42030676,43178257,44343410,45519889,46699981,47878336,49051686,50221473,51393010
Kyrgyz Republic,4463600,4515400,4516700,4515100,4560400,4628400,4696400,4769000,4840400,4898400,4945100,4990700,5043300,5104700,5162600,5218400,5268400,5318700,5383300,5447900,5514600,5607200,5719600,5835500,5956900,6079500,6198200,6315800
Cambodia,9289299,9623889,9970733,10317899,10656138,10982917,11298600,11600508,11886458,12155239,12405408,12637727,12856163,13066469,13273354,13477709,13679962,13883834,14093604,14312212,14541423,14780454,15026332,15274503,15521436,15766293,16009414,16249798
Kiribati,73692,74766,75716,76670,77723,78903,80187,81556,82972,84396,85849,87305,88835,90499,92325,94343,96527,98761,100930,102927,104728,106370,107890,109391,110930,112524,114158,115847
St. Kitts and Nevis,40379,40697,41135,41617,42074,42475,42854,43221,43614,44074,44599,45165,45746,46324,46857,47339,47778,48185,48599,49016,49447,49887,50331,50774,51203,51625,52045,52441
"Korea, Rep.",43295704,43747962,44194628,44641540,45092991,45524681,45953580,46286503,46616677,47008111,47370164,47644736,47892330,48082519,48184561,48438292,48683638,49054708,49307835,49554112,49936638,50199853,50428893,50746659,51014947,51245707,51466201,51635256
Kuwait,2031296,,,,1605901,1626857,1710256,1831119,1951636,2045123,2103282,2136997,2161626,2200492,2270198,2373672,2504019,2656009,2821045,2991884,3168060,3348853,3526378,3690942,3835591,3956873,4056097,4137309
Latin America & Caribbean (excluding high income),425153755,432859827,440530487,448171372,455783349,463368817,470916671,478398772,485778282,493029013,500140855,507121489,513985894,520757766,527455967,534080194,540628539,547116062,553561029,559867514,566309408,572713225,579053861,585296422,591416820,597399287,603254104,609013934
Lao PDR,4379236,4500351,4619944,4735845,4846483,4951195,5050315,5144602,5235346,5323700,5409582,5493246,5576640,5662208,5751676,5846074,5944948,6046620,6148623,6249165,6347567,6444530,6541304,6639756,6741164,6845846,6953035,7061507
Lebanon,2921706,3076132,3246126,3403357,3528380,3610665,3658424,3693520,3747766,3842778,3991001,4182205,4388375,4569378,4698763,4759753,4767344,4764741,4813026,4953061,5202343,5538634,5914621,6262410,6532678,6711121,6811873,6848925
Liberia,2040139,2001624,1976699,1986493,2044661,2160478,2326202,2517481,2699712,2848456,2953927,3024729,3077058,3135651,3218116,3329211,3461911,3607860,3754133,3891356,4017443,4135659,4248334,4359505,4472230,4586788,4702228,4818977
Libya,4544242,4650885,4755133,4854875,4948798,5036171,5118007,5196780,5275926,5357891,5443248,5531089,5620547,5710154,5798614,5886872,5974787,6058748,6133984,6197663,6247439,6285750,6320359,6362037,6418315,6492164,6580724,6678567
St. Lucia,139995,141760,143409,145083,146870,148834,150913,153021,154995,156729,158179,159392,160530,161816,163417,165381,167639,170011,172221,174085,175544,176646,177513,178296,179126,180024,180955,181889
Latin America & Caribbean,450125305,458175526,466199679,474193423,482150647,490080681,497957410,505774348,513442848,520964431,528336554,535570691,542684680,549705414,556652026,563521369,570314774,577050884,583746102,590303295,596966199,603586217,610151927,616619613,622986033,629240066,635372515,641357515
Least developed countries: UN classification,520262423,534731006,549559264,564581083,579681672,594801259,609983301,625342098,641046802,657215864,673903112,691061397,708587948,726331177,744190510,762132501,780219542,798563392,817322629,836614860,856472234,876869863,897797478,919226401,941131317,963511276,986365080,1009662578
Low income,341955755,352066121,362526825,373150870,383810298,394448671,405123344,415959410,427140442,438799433,450962074,463584766,476645372,490099969,503907174,518097437,532663586,547481280,562386040,577274011,592092182,606913332,621915808,637350644,653405207,670117389,687449530,705417321
Liechtenstein,29159,29553,29975,30426,30880,31348,31830,32311,32769,33184,33552,33879,34175,34452,34713,34970,35217,35471,35727,35994,36293,36615,36934,37223,37470,37658,37800,37910
Sri Lanka,17535729,17736821,17924823,18094477,18242912,18367288,18470900,18564599,18663284,18777601,18911730,19062482,19224037,19387153,19544988,19695972,19842044,19983984,20123508,20261737,20398670,20425000,20585000,20778000,20970000,21203000,21444000,21670000
Lower middle income,1915913909,1956554979,1997079030,2037399623,2077790619,2118416707,2159201405,2199992975,2240609732,2281159205,2321544987,2361829370,2402147090,2442531361,2483021672,2523645459,2564440295,2605437640,2646675754,2688436551,2730385840,2772231195,2814221065,2856124025,2898058449,2939830821,2981420591,3022905169
Low & middle income,4356603492,4434540894,4511601957,4588114102,4664148544,4739881155,4815512572,4890406949,4964125844,5037268787,5109571487,5181350933,5253312522,5325421944,5397859154,5470400681,5542975651,5616213108,5690410869,5765121055,5840675761,5916770281,5993786433,6071330528,6149221337,6227752871,6306560891,6383958209
Lesotho,1742539,1782285,1822236,1861324,1898598,1934291,1968044,1997516,2019731,2032804,2035740,2029829,2018348,2005940,1996114,1989939,1986922,1987129,1990131,1995581,2003787,2014990,2028519,2043437,2059021,2075001,2091412,2108132
Late-demographic dividend,1873490015,1893548031,1914561058,1935068108,1956575285,1975922433,1994983078,2013289641,2030330432,2045841423,2060587322,2074469505,2088020747,2101455067,2115014282,2128455973,2141610789,2154947270,2168543985,2181529363,2194530619,2207632770,2220999087,2234568586,2248128427,2262158994,2276319334,2288665963
Lithuania,3704134,3700114,3682613,3657144,3629102,3601613,3575137,3549331,3524238,3499536,3470818,3443067,3415213,3377075,3322528,3269909,3231294,3198231,3162916,3097282,3028115,2987773,2957689,2932367,2904910,2868231,2828403,2789533
Luxembourg,387000,392175,397475,402925,408625,414225,419450,424700,430475,436300,441525,446175,451630,458095,465158,472637,479993,488650,497783,506953,518347,530946,543360,556319,569604,582014,596336,607728
Latvia,2650581,2614338,2563290,2520742,2485056,2457222,2432851,2410019,2390482,2367550,2337170,2310173,2287955,2263122,2238799,2218357,2200325,2177322,2141669,2097555,2059709,2034319,2012647,1993782,1977527,1959537,1942248,1926542
"Macao SAR, China",353626,362311,370199,377798,385513,393373,401352,409616,418383,427782,437938,448821,460165,471597,482858,493799,504511,515239,526400,538219,550832,564039,577372,590208,602085,612836,622585,631636
St. Martin (French part),32449,31811,30200,28484,27321,26849,26909,27392,28116,28935,29853,30910,32053,33186,34248,35237,36137,36885,37377,37582,37446,37009,36453,36015,35858,36065,36560,37264
Morocco,25260404,25711406,26155203,26584478,26994250,27383473,27754571,28110443,28455509,28793679,29126330,29454768,29782884,30115214,30455561,30804683,31163673,31536811,31929087,32343389,32781850,33241898,33715693,34192347,34663603,35126296,35581294,36029138
Monaco,29622,29865,30146,30435,30716,30995,31280,31556,31844,32147,32470,32806,33153,33500,33843,34190,34525,34872,35226,35612,36024,36460,36901,37322,37718,38070,38392,38682
Moldova,3704000,3706000,3701000,3690000,3675099,3667748,3654208,3652732,3647001,3639592,3631462,3623062,3612874,3603945,3595187,3585209,3576910,3570108,3565604,3562045,3559986,3559519,3558566,3556397,3554108,3551954,3549196,3545883
Madagascar,11942819,12301336,12675460,13066543,13475400,13902688,14347854,14808791,15282521,15766806,16260932,16765117,17279141,17802997,18336724,18880269,19433530,19996473,20569117,21151640,21743967,22346641,22961253,23589887,24234088,24894380,25570540,26262368
Maldives,229751,236265,242605,248588,254139,259183,263842,268455,273527,279398,286306,294186,302683,311265,319608,327487,335169,343452,353398,365734,380495,397237,415593,435015,454915,475513,496402,515696
Middle East & North Africa,261046309,265656619,272107828,278384965,286096964,292041181,297891731,303641740,309436741,315326801,321297208,327362252,333608779,340143481,347029874,354302463,361929136,369823252,377883993,385917886,393944527,401974219,409977874,417932242,425821770,433597626,441255234,448912859
Mexico,85512623,87075138,88625440,90156400,91663285,93147044,94611002,96056321,97484832,98899845,100298153,101684758,103081020,104514932,106005203,107560153,109170502,110815271,112463887,114092963,115695473,117274155,118827161,120355128,121858258,123333376,124777324,126190788
Marshall Islands,48404,49245,49831,50215,50457,50533,50450,50356,50423,50753,51422,52370,53456,54476,55258,55767,56051,56174,56250,56366,56531,56717,56938,57179,57439,57735,58058,58413
Middle income,4014647737,4082474773,4149075132,4214963232,4280338246,4345432484,4410389228,4474447539,4536985402,4598469354,4658609413,4717766167,4776667150,4835321975,4893951980,4952303244,5010312065,5068731828,5128024829,5187847044,5248583579,5309856949,5371870625,5433979884,5495816130,5557635482,5619111361,5678540888
North Macedonia,1993302,1988659,1984028,1981703,1983252,1989443,1999598,2012057,2024394,2034819,2042842,2048928,2053426,2057048,2060273,2063131,2065426,2067313,2069039,2070741,2072487,2074278,2076067,2077775,2079328,2080745,2081996,2082958
Mali,8635527,8850334,9087176,9334880,9585653,9837571,10094368,10360561,10642936,10946445,11271600,11616887,11982695,12369070,12775516,13203378,13651464,14113577,14581429,15049353,15514591,15979499,16449864,16934220,17438778,17965429,18512394,19077690
Malta,363845,367618,371308,374797,377419,379905,382791,385287,387578,390087,393028,395969,398582,401268,403834,405308,406724,409379,412477,414508,416268,420028,425967,434558,445053,455356,467999,483530
Myanmar,41890197,42401684,42890002,43383428,43901598,44452206,45027233,45611220,46181077,46719701,47225120,47702171,48148902,48564484,48949924,49301050,49621475,49929642,50250367,50600818,50990615,51413698,51852451,52280807,52680726,53045226,53382581,53708395
Middle East & North Africa (excluding high income),232101440,237828663,243429290,248897270,254233351,259431597,264504166,269440690,274350032,279279634,284249018,289264324,294343628,299502774,304755503,310109412,315573347,321168767,326900984,332777824,338814807,345004009,351299193,357637340,363975550,370276461,376546755,382896715
Montenegro,607105,608516,610170,611389,611712,611003,609520,607662,606001,604950,607389,609828,612267,613353,614261,615025,615875,616969,618294,619428,620079,620601,621207,621810,622159,622303,622373,622345
Mongolia,2217917,2243495,2263186,2280479,2298020,2316568,2335734,2355664,2376225,2397418,2419588,2443271,2468762,2496391,2526424,2558856,2593820,2631898,2673796,2719896,2770362,2824699,2881792,2940108,2998439,3056359,3113779,3170208
Northern Mariana Islands,46666,46476,45758,45364,45870,47521,50056,52997,55636,57453,58321,58420,57947,57246,56542,55882,55219,54625,54193,53971,54012,54311,54784,55305,55780,56188,56562,56882
Mozambique,13328032,13806001,14370946,14948048,15483286,15960442,16397183,16813949,17244188,17711927,18221888,18764155,19331100,19910552,20493925,21080110,21673316,22276596,22894710,23531574,24187487,24862648,25560725,26286163,27042002,27829942,28649007,29495962
Mauritania,2087912,2142645,2198532,2255516,2313630,2372901,2433563,2496216,2561585,2630219,2702400,2778099,2857148,2939247,3024194,3111906,3202517,3296238,3393409,3494195,3598648,3706554,3817494,3930896,4046301,4163534,4282574,4403319
Mauritius,1070266,1084441,1097374,1112846,1122457,1133996,1148284,1160421,1175267,1186873,1196287,1204621,1213370,1221003,1228254,1233996,1239630,1244121,1247429,1250400,1252404,1255882,1258653,1260934,1262605,1263473,1264613,1265303
Malawi,9600355,9685973,9710331,9745690,9844415,10022789,10264906,10552338,10854322,11148758,11432000,11713664,12000181,12301838,12625952,12973699,13341806,13727890,14128155,14539612,14962112,15396005,15839269,16289540,16745303,17205289,17670260,18143315
Malaysia,18519937,19002656,19484898,19977500,20487607,21017613,21562793,22114654,22661298,23194257,23709119,24208391,24698819,25190652,25690611,26201961,26720370,27236006,27735040,28208035,28650955,29068159,29468872,29866559,30270962,30684804,31105028,31528585
North America,281077441,284943859,288662674,292185983,295640057,299064347,302623445,306070116,309502571,312909974,316052361,319048184,321815286,324809693,327824506,331015609,334185120,337406357,340466060,343396098,345983901,348653238,351205682,353888995,356510820,359245384,361751263,364290258
Namibia,1476388,1516958,1555101,1591822,1627865,1663378,1698032,1731639,1763859,1794571,1823672,1851523,1879117,1907745,1938320,1971317,2006514,2043394,2081044,2118874,2156701,2194784,2233510,2273430,2314904,2358041,2402603,2448255
New Caledonia,175362,179799,184496,189482,193816,197564,201418,205279,209214,213230,217324,221490,225296,228750,232250,235750,239250,242750,245950,249750,254350,259000,263650,268050,272400,276550,280350,284060
Niger,8288735,8566770,8860287,9168312,9490288,9826598,10178201,10545716,10929918,11331557,11751365,12189983,12647984,13125916,13624467,14143971,14685399,15250908,15843133,16464025,17114761,17795191,18504255,19240157,20001663,20788838,21602472,22442948
Nigeria,97667632,100161710,102700753,105293700,107948335,110668794,113457663,116319759,119260063,122283850,125394046,128596076,131900631,135320422,138865016,142538308,146339977,150269623,154324933,158503197,162805071,167228767,171765769,176404902,181137448,185960289,190873311,195874740
Nicaragua,4267568,4364512,4462497,4559006,4652185,4741578,4827661,4910647,4991040,5069302,5145366,5219328,5292118,5364935,5438690,5513763,5590055,5667432,5745526,5824065,5903039,5982526,6062454,6142733,6223240,6303974,6384855,6465513
Netherlands,15069798,15184166,15290368,15382838,15459006,15530498,15610650,15707209,15812088,15925513,16046180,16148929,16225302,16281779,16319868,16346101,16381696,16445593,16530388,16615394,16693074,16754962,16804432,16865008,16939923,17030314,17131296,17231017
Norway,4261732,4286401,4311991,4336613,4359184,4381336,4405157,4431464,4461913,4490967,4513751,4538159,4564855,4591910,4623291,4660677,4709153,4768212,4828726,4889252,4953088,5018573,5079623,5137232,5188607,5234519,5276968,5314336
Nepal,19405504,19938320,20489975,21040904,21576071,22090352,22584775,23057883,23509964,23941110,24347106,24725627,25080872,25419344,25744500,26066693,26382581,26666576,26883535,27013212,27041437,26989862,26917906,26906926,27015031,27261131,27627124,28087871
Nauru,9764,10030,10287,10498,10628,10672,10647,10565,10449,10337,10215,10102,9994,9902,9849,9828,9842,9891,9939,10005,10057,10279,10821,11853,12475,13049,12876,12704
New Zealand,3495100,3531700,3572200,3620000,3673400,3732000,3781300,3815000,3835100,3857700,3880500,3948500,4027200,4087500,4133900,4184600,4223800,4259800,4302600,4350700,4384000,4408100,4442100,4509700,4595700,4693200,4793900,4885500
OECD members,1080817111,1090444452,1099606388,1108313712,1116879852,1125172255,1133422874,1141378668,1149382451,1157244082,1165497846,1173879536,1182206361,1190571071,1198888103,1207587551,1216472640,1225804612,1234364086,1242309585,1248424526,1256042703,1263987635,1272282569,1280466626,1288747101,1296225760,1303529456
Oman,1893768,1983275,2072104,2148419,2204277,2236654,2249762,2251864,2254904,2267973,2294962,2334858,2386166,2445517,2511251,2580758,2657158,2750963,2876186,3041434,3251108,3498029,3764805,4027260,4267348,4479219,4665935,4829483
Other small states,17813831,18156566,18476081,18801065,19125016,19460594,19809624,20163885,20540138,20917092,21276743,21639132,22018494,22442101,22929109,23486218,24104670,24762406,25417830,26050942,26647962,27227319,27794595,28364410,28948869,29542879,30148800,30758989
Pakistan,110778648,113911126,117086685,120362762,123776839,127349290,131057431,134843233,138624621,142343578,145978402,149549700,153093373,156664697,160304008,164022627,167808105,171648986,175525609,179424641,183340592,187281475,191262919,195306825,199426964,203627284,207896686,212215030
Panama,2523118,2575954,2629580,2684116,2739668,2796291,2853913,2912316,2971196,3030328,3089648,3149188,3209048,3269356,3330217,3391666,3453675,3516204,3579215,3642687,3706483,3770624,3835437,3901315,3968487,4037078,4106771,4176873
Peru,22522378,22966818,23408131,23851408,24299160,24753824,25210954,25658062,26078293,26459944,26799285,27100968,27372226,27624213,27866145,28102056,28333052,28562317,28792655,29027674,29264318,29506788,29773987,30090359,30470734,30926032,31444297,31989256
Philippines,63454786,65020116,66593904,68180859,69784088,71401749,73030884,74672014,76325927,77991755,79672873,81365258,83051971,84710542,86326250,87888675,89405482,90901965,92414158,93966780,95570047,97212638,98871552,100513138,102113212,103663927,105173264,106651922
Palau,15441,15856,16290,16717,17164,17593,18014,18410,18776,19105,19386,19637,19809,19867,19781,19540,19158,18704,18285,17955,17745,17640,17606,17626,17665,17725,17808,17907
Papua New Guinea,4725547,4836217,4949051,5065661,5187060,5314248,5446641,5581762,5716161,5847586,5974629,6098621,6223377,6354245,6494903,6646895,6808514,6976201,7144776,7310507,7472200,7631002,7788379,7946731,8107775,8271760,8438029,8606316
Poland,38246193,38363667,38461408,38542652,38594998,38624370,38649660,38663481,38660271,38258629,38248076,38230364,38204570,38182222,38165445,38141267,38120560,38125759,38151603,38042794,38063255,38063164,38040196,38011735,37986412,37970087,37974826,37978548
Pre-demographic dividend,427398511,440397767,453849633,467465199,481049511,494517676,507968946,521617674,535773390,550660001,566366102,582828705,599938109,617518671,635451653,653695022,672318833,691447610,711257522,731868772,753326798,775573001,798495530,821931240,845759344,869943914,894512725,919485393
Puerto Rico,3562110,3585176,3615497,3649237,3683103,3724655,3759430,3781101,3800081,3810605,3818774,3823701,3826095,3826878,3821362,3805214,3782995,3760866,3740410,3721525,3678732,3634488,3593077,3534874,3473166,3406495,3325001,3195153
"Korea, Dem. Peopleâ€™s Rep.",20609150,20937404,21265834,21577982,21862299,22113438,22335267,22536753,22731482,22929075,23132980,23339453,23542426,23732731,23904167,24054864,24188331,24310142,24428341,24548836,24673385,24800612,24929452,25057752,25183833,25307744,25429985,25549819
Portugal,9960235,9952494,9964675,9991525,10026176,10063945,10108977,10160196,10217828,10289898,10362722,10419631,10458821,10483861,10503330,10522288,10542964,10558177,10568247,10573100,10557560,10514844,10457295,10401062,10358076,10325452,10300300,10281762
Paraguay,4334345,4445016,4555521,4666094,4776843,4887632,4998100,5107839,5216349,5323201,5428444,5531962,5632983,5730549,5824096,5913209,5998427,6081296,6163972,6248020,6333976,6421512,6510276,6599526,6688746,6777872,6867062,6956071
West Bank and Gaza,2068845,2163591,2262676,2366298,2474666,2587997,2706518,2776568,2848431,2922153,2997784,3075373,3154969,3236626,3320396,3406334,3494496,3591977,3689099,3786161,3882986,3979998,4076708,4173398,4270092,4367088,4454805,4569087
Pacific island small states,1721237,1750921,1782120,1812834,1841693,1868414,1893444,1917135,1939992,1962452,1984496,2006078,2027846,2050572,2074778,2100869,2128664,2157454,2186314,2214519,2241798,2268708,2296101,2325136,2355672,2388307,2422086,2457367
Post-demographic dividend,970954772,977682743,984081948,989856904,995277110,1000603120,1005699715,1010590288,1015420880,1020504252,1025423265,1030561714,1035711709,1041075142,1046366673,1052054803,1057981926,1064394167,1069878383,1074869481,1077838624,1082370705,1087128029,1092096206,1097025299,1101992071,1106035186,1109997273
French Polynesia,203726,207245,210642,214197,218071,222322,226866,231570,236221,240686,244931,248972,252703,255992,258780,261010,262721,264061,265254,266455,267698,268998,270328,271705,273124,274575,276103,277679
Qatar,487353,495395,501479,507041,513442,522531,535321,551562,570489,592468,615012,640868,681788,753334,865416,1022711,1218434,1436665,1654950,1856327,2035871,2196074,2336574,2459198,2565710,2654374,2724724,2781677
Romania,23001155,22794284,22763280,22730211,22684270,22619004,22553978,22507344,22472040,22442971,22131970,21730496,21574326,21451748,21319685,21193760,20882982,20537875,20367487,20246871,20147528,20058035,19983693,19908979,19815481,19702332,19587491,19473936
Russian Federation,148624000,148689000,148520000,148336000,148375726,148160042,147915307,147670692,147214392,146596557,145976083,145306046,144648257,144067054,143518523,143049528,142805088,142742350,142785342,142849449,142960868,143201676,143506911,143819666,144096870,144342396,144496740,144478050
Rwanda,7083935,6702244,6263757,5936261,5836495,6013107,6419901,6962802,7501234,7933681,8231156,8427060,8557161,8680524,8840215,9043337,9273757,9524534,9782770,10039338,10293331,10549678,10811543,11083635,11369071,11668818,11980937,12301939
South Asia,1158655617,1184133314,1209847786,1235693869,1261587756,1287476190,1313346377,1339202708,1365067928,1390946064,1416822959,1442644058,1468324422,1493757846,1518861552,1543610696,1568003159,1592010819,1615610198,1638792934,1661534412,1683747130,1705772050,1727640967,1749417068,1771167194,1792835608,1814388744
Saudi Arabia,16772694,17282691,17763298,18214470,18638787,19033845,19407142,19783304,20194527,20663843,21202642,21805313,22456649,23132682,23816183,24498310,25184597,25888541,26630303,27421461,28267685,29155187,30052518,30916994,31717667,32442572,33099147,33699947
Sudan,20891441,21696244,22527834,23338464,24094747,24782383,25413917,26015521,26626520,27275015,27971082,28704778,29460519,30214193,30949516,31661823,32360621,33060837,33783788,34545013,35349681,36193783,37072550,37977655,38902950,39847440,40813396,41801533
Senegal,7755496,7990096,8226760,8461068,8690164,8912861,9130877,9347774,9568722,9797734,10036104,10283699,10541467,10810083,11090116,11382268,11687080,12004701,12335084,12678148,13033809,13401991,13782420,14174731,14578459,14993528,15419381,15854360
Singapore,3135083,3230698,3313471,3419048,3524506,3670704,3796038,3927213,3958723,4027887,4138012,4175950,4114826,4166664,4265762,4401365,4588599,4839396,4987573,5076732,5183688,5312437,5399162,5469724,5535002,5607283,5612253,5638676
Solomon Islands,320780,329995,339504,349281,359281,369523,379999,390693,401586,412660,423944,435432,447017,458539,469918,481078,492132,503360,515181,527861,541521,556064,571335,587079,603118,619437,636038,652858
Sierra Leone,4348660,4347724,4328957,4309775,4303957,4312666,4335301,4381483,4462378,4584571,4754072,4965766,5201070,5433991,5645624,5829237,5989633,6133603,6272734,6415634,6563240,6712581,6863980,7017144,7171914,7328838,7488431,7650154
El Salvador,5342198,5416323,5490477,5561919,5628600,5689938,5746284,5797765,5844846,5887936,5927006,5962136,5994077,6023797,6052123,6079399,6105810,6131764,6157686,6183875,6210568,6237923,6266070,6295128,6325124,6356143,6388122,6420744
San Marino,24460,24822,25209,25582,25928,26252,26562,26840,27145,27462,27812,28175,28562,28940,29324,29700,30063,30434,30816,31229,31661,32105,32553,32948,33272,33504,33671,33785
Somalia,7274030,7295384,7315865,7372598,7491637,7682686,7936127,8235064,8553601,8872254,9186725,9501342,9815412,10130243,10446863,10763905,11080121,11397188,11717692,12043883,12376302,12715510,13063706,13423576,13797201,14185613,14589119,15008154
Serbia,7595636,7646424,7699307,7734639,7625357,7617794,7596501,7567745,7540401,7516346,7503433,7496522,7480591,7463157,7440769,7411569,7381579,7350222,7320807,7291436,7234099,7199077,7164132,7130576,7095383,7058322,7020858,6982084
Sub-Saharan Africa (excluding high income),523656474,538175706,552948109,567997803,583337957,598991362,614977052,631321810,648067906,665246450,682874868,700982444,719633428,738900780,758841823,779482220,800823501,822858501,845567916,868935336,892958731,917638670,942951121,968868428,995365059,1022431864,1050057829,1078209758
South Sudan,5420171,5305457,5185699,5111365,5118083,5221926,5411655,5661942,5933882,6199394,6447793,6688226,6935676,7213351,7535932,7907406,8315139,8736939,9142259,9508364,9830698,10113647,10355036,10554883,10715658,10832512,10910759,10975920
Sub-Saharan Africa,523726913,538246469,553020362,568072008,583413261,599067779,615054371,631400656,648148316,665327581,682956070,701066167,719716209,738983255,758924681,779566820,800908534,822945457,845655214,869025106,893046172,917726973,943041070,968959787,995458478,1022526541,1050153672,1078306520
Small states,25593376,26020302,26428552,26841234,27247899,27660288,28081620,28504847,28948606,29393029,29820335,30250175,30697311,31189626,31746604,32375210,33066727,33798838,34529596,35238667,35912147,36568692,37214028,37862981,38526753,39200572,39885876,40575321
Sao Tome and Principe,121956,124576,127062,129427,131678,133806,135832,137848,139959,142262,144755,147447,150415,153737,157472,161681,166300,171120,175876,180371,184524,188404,192087,195727,199432,203227,207089,211028
Suriname,413005,420655,428030,435105,441851,448213,454161,459831,465385,470949,476579,482235,487942,493679,499464,505295,511181,517123,523111,529131,535179,541245,547291,553273,559143,564888,570496,575991
Slovak Republic,5303294,5305016,5325305,5346331,5361999,5373361,5383291,5390516,5396020,5388720,5378867,5376912,5373374,5372280,5372807,5373054,5374622,5379233,5386406,5391428,5398384,5407579,5413393,5418649,5423801,5430798,5439232,5447011
Slovenia,1999429,1996498,1991746,1989443,1989872,1988628,1985956,1981629,1983045,1988925,1992060,1994530,1995733,1997012,2000474,2006868,2018122,2021316,2039669,2048583,2052843,2057159,2059953,2061980,2063531,2065042,2066388,2067372
Sweden,8617375,8668067,8718561,8780745,8826939,8840998,8846062,8850974,8857874,8872109,8895960,8924958,8958229,8993531,9029572,9080505,9148092,9219637,9298515,9378126,9449213,9519374,9600379,9696110,9799186,9923085,10057698,10183175
Eswatini,845266,866993,887706,907620,926841,945508,963426,979918,994108,1005435,1013609,1019059,1022802,1026286,1030579,1036092,1042652,1049945,1057467,1064837,1072032,1079288,1086839,1095021,1104044,1113984,1124753,1136191
Sint Maarten (Dutch part),,,,,,,,31240,31084,30519,30600,30777,31472,32488,33011,33441,33811,33964,34238,34056,33435,34640,36607,37685,38825,39969,40574,40654
Seychelles,70439,70763,72253,74205,75304,76417,77319,78846,80410,81131,81202,83723,82781,82475,82858,84600,85033,86956,87298,89770,87441,88303,89949,91359,93419,94677,95843,96762
Syrian Arab Republic,12815401,13187663,13565072,13950476,14345492,14754142,15175316,15599591,16013985,16410848,16766561,17084632,17415214,17827825,18361176,19059258,19878254,20664038,21205873,21362529,21082966,20442541,19584274,18715672,17997408,17453933,17068002,16906283
Turks and Caicos Islands,12811,13632,14526,15407,16216,16926,17567,18232,19065,20164,21573,23232,25011,26700,28180,29391,30385,31202,31934,32660,33377,34066,34731,35369,35981,36559,37115,37665
Chad,6157079,6356748,6563922,6781053,7010145,7250975,7503493,7770048,8053536,8355654,8678051,9019233,9373916,9734767,10096633,10457124,10818024,11183588,11560147,11952136,12360989,12784750,13220424,13663559,14110975,14561666,15016773,15477751
East Asia & Pacific (IDA & IBRD countries),1608999005,1631566815,1653289954,1674861279,1696014016,1716810429,1737388752,1757224494,1775880231,1793498351,1810261141,1826238744,1841560579,1856486252,1871341375,1885806859,1899800530,1913718210,1927560609,1941377349,1955334267,1969562739,1983964453,1998513398,2012980531,2027771091,2042687863,2056064424
Europe & Central Asia (IDA & IBRD countries),430330022,431944610,433317638,434073825,434508847,434834171,435191660,435439577,435384574,435028415,434598276,434253516,434390419,434730803,435134576,435669295,436349814,437427283,439200178,441121359,443356614,445596591,448074081,450528180,453034345,455505650,457810292,459865205
Togo,3862992,3945905,4029053,4120616,4226291,4348805,4485951,4632446,4780448,4924402,5062567,5197031,5330639,5467766,5611640,5762880,5920359,6083420,6250835,6421679,6595943,6773807,6954721,7137997,7323158,7509952,7698475,7889094
Thailand,57232465,57811021,58337773,58875269,59467274,60130186,60846582,61585103,62298571,62952642,63539196,64069087,64549866,64995299,65416189,65812536,66182067,66530984,66866839,67195028,67518382,67835957,68144501,68438730,68714511,68971331,69209858,69428524
Tajikistan,5400630,5502494,5593315,5679167,5764810,5851355,5938405,6027388,6119661,6216341,6318513,6426867,6541547,6662389,6789321,6922587,7062672,7209930,7364753,7527394,7697510,7874835,8059769,8252833,8454028,8663579,8880268,9100837
Turkmenistan,3789185,3899843,4010789,4115102,4207841,4287346,4355116,4413479,4466135,4516133,4564083,4610005,4655743,4703401,4754646,4810109,4870141,4935767,5007954,5087213,5174085,5267900,5366375,5466328,5565287,5662372,5757669,5850908
Latin America & the Caribbean (IDA & IBRD countries),434963098,442915528,450843971,458742858,466604856,474430763,482211642,489919322,497517841,504982243,512300865,519482148,526547684,533529987,540453950,547323121,554133291,560891799,567605672,574171371,580856609,587491182,594063071,600555906,606956985,613258172,619460244,625569713
Timor-Leste,759527,783198,806860,827825,844334,855362,861866,866530,873136,884366,901214,922694,947108,971893,995135,1016432,1036392,1055431,1074277,1093523,1113151,1132994,1153295,1174331,1196302,1219288,1243261,1267972
Middle East & North Africa (IDA & IBRD countries),230032595,235665072,241166614,246530972,251758685,256843600,261797648,266664122,271501601,276357481,281251234,286188951,291188659,296266148,301435107,306703078,312078851,317576790,323211885,328991663,334931821,341024011,347222485,353463942,359705458,365909373,372091950,378327628
Tonga,95246,95399,95557,95739,95976,96273,96619,97032,97482,97973,98487,99022,99589,100218,100905,101706,102581,103379,103890,103986,103562,102737,101768,101028,100781,101133,101998,103197
South Asia (IDA & IBRD),1158655617,1184133314,1209847786,1235693869,1261587756,1287476190,1313346377,1339202708,1365067928,1390946064,1416822959,1442644058,1468324422,1493757846,1518861552,1543610696,1568003159,1592010819,1615610198,1638792934,1661534412,1683747130,1705772050,1727640967,1749417068,1771167194,1792835608,1814388744
Sub-Saharan Africa (IDA & IBRD countries),523726913,538246469,553020362,568072008,583413261,599067779,615054371,631400656,648148316,665327581,682956070,701066167,719716209,738983255,758924681,779566820,800908534,822945457,845655214,869025106,893046172,917726973,943041070,968959787,995458478,1022526541,1050153672,1078306520
Trinidad and Tobago,1229103,1236683,1243616,1249520,1254200,1257549,1259848,1261695,1263933,1267153,1271632,1277213,1283559,1290123,1296502,1302561,1308451,1314443,1320930,1328147,1336178,1344817,1353700,1362342,1370328,1377564,1384072,1389858
Tunisia,8427857,8613861,8795932,8967916,9125398,9267340,9395123,9509857,9613588,9708350,9793903,9871251,9945277,10022277,10106771,10201214,10304726,10414433,10525694,10635244,10741880,10847002,10952951,11063201,11179949,11303946,11433443,11565204
Turkey,54840590,55748948,56653804,57564204,58486456,59423282,60372568,61329676,62287397,63240194,64192243,65145367,66089402,67010930,67903469,68756810,69581848,70418604,71321399,72326988,73443863,74653016,75928564,77231907,78529409,79821724,81101892,82319724
Tuvalu,9026,9112,9194,9252,9298,9323,9323,9332,9346,9394,9484,9596,9726,9869,10000,10120,10221,10314,10424,10530,10633,10739,10857,10972,11099,11225,11370,11508
Tanzania,26056594,26961197,27887203,28792639,29649135,30444526,31192857,31924196,32682239,33499180,34385856,35334788,36337782,37379767,38450320,39548663,40681414,41853944,43073834,44346525,45673338,47052481,48482266,49959822,51482633,53050790,54663906,56318348
Uganda,17953531,18561674,19175988,19793541,20413152,21032821,21655398,22290780,22952410,23650172,24388968,25167257,25980552,26821297,27684585,28571475,29486338,30431736,31411096,32428167,33476919,34559168,35695246,36912148,38225453,39647506,41162465,42723139
Ukraine,52000470,52150266,52179210,51921041,51512299,51057189,50594105,50143939,49673350,49175848,48683865,48202500,47812950,47451600,47105150,46787750,46509350,46258200,46053300,45870700,45706100,45593300,45489600,45271947,45154029,45004645,44831135,44622516
Upper middle income,2098733828,2125919794,2151996102,2177563609,2202547627,2227015777,2251187823,2274454564,2296375670,2317310149,2337064426,2355936797,2374520060,2392790614,2410930308,2428657785,2445871770,2463294188,2481349075,2499410493,2518197739,2537625754,2557649560,2577855859,2597757681,2617804661,2637690770,2655635719
Uruguay,3131660,3154464,3177745,3201151,3224281,3247381,3270164,3291053,3308012,3319736,3325473,3326040,3323668,3321476,3321803,3325401,3331749,3340221,3349676,3359275,3368934,3378974,3389439,3400434,3412009,3424132,3436646,3449299
United States,252981000,256514000,259919000,263126000,266278000,269394000,272657000,275854000,279040000,282162411,284968955,287625193,290107933,292805298,295516599,298379912,301231207,304093966,306771529,309326085,311580009,313874218,316057727,318386421,320742673,323071342,325147121,327167434
Uzbekistan,20952000,21449000,21942000,22377000,22785000,23225000,23667000,24051000,24311650,24650400,24964450,25271850,25567650,25864350,26167000,26488250,26868000,27302800,27767400,28562400,29339400,29774500,30243200,30757700,31298900,31847900,32388600,32955400
St. Vincent and the Grenadines,107776,107950,108033,108053,108035,107976,107895,107801,107758,107784,107896,108097,108326,108512,108614,108603,108518,108393,108287,108255,108316,108435,108622,108861,109148,109459,109827,110210
"Venezuela, RB",20096317,20557683,21016901,21474549,21931084,22385650,22837743,23288564,23739841,24192446,24646472,25100408,25551624,25996594,26432447,26850194,27247610,27635832,28031009,28439940,28888369,29362449,29783571,30045134,30081829,29846179,29390409,28870195
British Virgin Islands,18006,18438,18786,19074,19313,19502,19665,19821,20026,20311,20675,21129,21672,22334,23107,24023,25047,26097,27039,27794,28319,28650,28847,28989,29152,29355,29577,29802
Virgin Islands (U.S.),104807,105712,106578,107318,107818,108095,108357,108537,108599,108642,108549,108510,108506,108467,108454,108371,108339,108399,108405,108358,108292,108191,108044,107884,107710,107510,107268,106977
Vietnam,69436954,70883481,72300308,73651218,74910461,76068743,77133214,78115710,79035871,79910412,80742499,81534407,82301656,83062821,83832661,84617540,85419591,86243413,87092252,87967651,88871561,89802487,90753472,91714595,92677076,93638724,94596642,95540395
Vanuatu,150716,155170,159744,164129,168158,171722,174921,177987,181265,184972,189219,193920,198959,204127,209282,214370,219472,224704,230247,236211,242653,249499,256635,263888,271130,278330,285510,292680
World,5369210095,5453393960,5538448726,5622575421,5707533023,5790454220,5873071768,5954810550,6035284135,6115108363,6194460444,6273526441,6352677699,6432374971,6512602867,6593623202,6675130418,6757887172,6840591577,6922947261,7004011262,7086993625,7170961674,7255653881,7340548192,7426103221,7510990456,7594270356
Samoa,163997,165490,167119,168694,170054,171165,172068,172839,173609,174454,175392,176407,177484,178590,179727,180876,182046,183263,184556,185949,187469,189088,190717,192221,193513,194535,195352,196130
Kosovo,1898000,1932000,1965000,1997000,2029000,2059000,2086000,1966000,1762000,1700000,1701154,1702310,1703466,1704622,1705780,1719536,1733404,1747383,1761474,1775680,1791000,1805200,1824100,1821800,1801800,1816200,1830700,1845300
"Yemen, Rep.",12302124,12954155,13634076,14297613,14913315,15469274,15975668,16450310,16921149,17409072,17918373,18443691,18985000,19540098,20107409,20687646,21282515,21892146,22516460,23154855,23807588,24473178,25147109,25823485,26497889,27168210,27834821,28498687
South Africa,37718950,38672607,39633750,40564059,41435758,42241011,42987461,43682260,44338543,44967708,45571274,46150913,46719196,47291610,47880601,48489459,49119759,49779471,50477011,51216964,52004172,52834005,53689236,54545991,55386367,56203654,57000451,57779622
Zambia,8246656,8451347,8656486,8869740,9096607,9339733,9597609,9866476,10140561,10415944,10692193,10971698,11256743,11550642,11856247,12173514,12502958,12848530,13215139,13605984,14023193,14465121,14926504,15399753,15879361,16363507,16853688,17351822
Zimbabwe,10680995,10900502,11092766,11261744,11410714,11541217,11653242,11747072,11822719,11881477,11923914,11954290,11982224,12019912,12076699,12155491,12255922,12379549,12526968,12697723,12894316,13115131,13350356,13586681,13814629,14030390,14236745,14439018